﻿<?xml version="1.0" encoding="utf-8" standalone="yes"?><layout g="09bc5f04-f661-4eba-a414-78126d15c9ed" verG="8fb6b99e-a249-401c-b849-2fa4ba32d493" typeName="" id="0" state="0" showMasterSp="false" name="Blank" role="Content" resetMode="auto" layoutG="7f817a98-1fec-49af-97a0-9a010cd18ba4" stateG="00000000-0000-0000-0000-000000000000" showPlay="false" clrScheme="def" assetG="00000000-0000-0000-0000-000000000000" backVis="trans" layoutType="Content" hideToc="false" internalG="6542fcd3-deed-4e0e-9688-a7e80e56c0fb" copyG="5a1894f1-2fc9-4082-a3cc-3f450be35519" useCnt="1"><tmProps g="fdb2b6dd-5ce4-4596-8cbc-f576fa6100b0" verG="4dcb0da4-f0c0-4ae4-b1bc-c54d68cca870" cur="0" min="5000" visible="true" hideAll="false"><markers nextId="0" /></tmProps><tmCtxLst version="1"><tmCtx g="3581f99b-2271-4ece-8dac-0501758db50c" verG="4e1a60de-2b6a-4e94-83dd-4e5c0cee6c12" start="0" dur="3000" min="3000" max="0" hasMax="false" alwysShw="false" untilEnd="false" assetStart="0" name="" /></tmCtxLst><sz w="0" h="0" /><trans dur="PT0.5S" /><bg><lineStyle w="0" scale="1" cap="def" join="def" dash="cstm" cmpnd="cstm"><arrow scale="1"><begin type="def" sz="def" /><end type="def" sz="def" /></arrow></lineStyle><shdw sz="-3.40282347E+38" blur="-3.40282347E+38" angle="-3.40282347E+38" dist="-3.40282347E+38"><preset val="cstm" mode="cstm" /><clr /></shdw><frmt3d material="none" lighting="none" angle="0"><bevel top="cstm" bottom="cstm"><topSz w="0" h="0" /><bottomSz w="0" h="0" /></bevel><depth val="0"><clr /></depth><contour sz="0"><clr><srgbClr val="000000" /></clr></contour></frmt3d><rot3d x="0" y="0" z="0" pers="0" flat="false" dist="0" /><reflection type="none" /><softEdge type="none" spread="0" /></bg><shapeLst /><trigLst /><note></note><szCalc mode="scale" fillA="tl" v="1"><cropRect l="0" t="0" r="0" b="0" /><currSz w="0" h="0" /><lastSz w="0" h="0" /></szCalc></layout>