﻿<?xml version="1.0" encoding="utf-8" standalone="yes"?><layout g="3431ecc5-a72b-4e1a-afe5-b93390324291" verG="3795356d-c33b-49fa-84d3-92298d12bcee" typeName="" id="0" state="2" showMasterSp="true" name="Review Feedback" role="Review" resetMode="auto" layoutG="7f817a98-1fec-49af-97a0-9a010cd18ba4" stateG="00000000-0000-0000-0000-000000000000" showPlay="false" clrScheme="def" assetG="00000000-0000-0000-0000-000000000000" backVis="trans" layoutType="Content" hideToc="false" internalG="24d68b0f-39ff-440f-8ab4-3c9c4d13d210" copyG="a2423743-f1b3-4ce3-b605-7a18dfc99826" useCnt="0"><tmProps g="db417259-79d5-4716-9046-b67f47b4bcef" verG="8e886733-25e8-4918-9cc9-ddbe251b5173" cur="0" min="5000" visible="true" hideAll="false"><markers nextId="0" /></tmProps><tmCtxLst version="1"><tmCtx g="9af23d13-5bee-4bfe-8dc2-8a0750b5f231" verG="b6a6e58c-f6be-42d6-90c6-34f15f555a11" start="0" dur="3000" min="3000" max="0" hasMax="false" alwysShw="false" untilEnd="false" assetStart="0" name="" /></tmCtxLst><sz w="0" h="0" /><trans dur="PT0.5S" /><bg><lineStyle w="0" scale="1" cap="def" join="def" dash="cstm" cmpnd="cstm"><arrow scale="1"><begin type="def" sz="def" /><end type="def" sz="def" /></arrow></lineStyle><shdw sz="-3.40282347E+38" blur="-3.40282347E+38" angle="-3.40282347E+38" dist="-3.40282347E+38"><preset val="cstm" mode="cstm" /><clr /></shdw><frmt3d material="none" lighting="none" angle="0"><bevel top="cstm" bottom="none"><topSz w="0" h="0" /><bottomSz w="0" h="0" /></bevel><depth val="0"><clr /></depth><contour sz="0"><clr><srgbClr val="000000" /></clr></contour></frmt3d><rot3d x="0" y="0" z="0" pers="0" flat="false" dist="0" /></bg><shapeLst><ph g="b8742dcf-62df-40bb-8326-a09d128f7d48" verG="e11574dc-fd47-43fd-bae0-4cfec4ae7546" typeName="" id="1" name="Placeholder" state="58119" zOrder="0" editCtx="Normal" initState="" handCur="true" rot="0" acc="true" opac="100" autoFit="def" shdw="none" wrap="none" rtl="false" defHorzAlign="l" horzAlign="not" vertAlign="m" textDir="not"><tmProps g="65399903-9008-416b-a825-aba4b1eae758" verG="120d99e3-d291-4af6-ba38-6c30b0898cde" cur="0" min="5000" visible="true" hideAll="false"><markers nextId="0" /></tmProps><tmCtxLst version="0"><txtTmCtx g="2697caa8-71d8-4b62-b3fb-f394e44b170f" verG="27f98fce-fb0a-4560-9e1e-8fb28f40d6f8" start="0" dur="5000" min="250" max="0" hasMax="false" alwysShw="false" untilEnd="true" assetStart="0" name="" /></tmCtxLst><animEffect /><childLst /><trigLst /><stateLst /><bG clrSchmOvr="lt" qsG="9e2330ff-62bb-4329-865f-32e3da657b53" penAlign="Inset"><solidFill><clr><schemeClr val="accent1" /></clr></solidFill><solidLine><clr><srgbClr val="000000"><alpha val="64999" /></srgbClr></clr></solidLine><lineStyle w="1" scale="1" cap="def" join="def" dash="cstm" cmpnd="cstm"><arrow scale="1"><begin type="def" sz="def" /><end type="def" sz="def" /></arrow></lineStyle><gradOvrlyFill type="lin" style="def" rot="none" angle="3.40282347E+38" blendMode="def" alpha="0.45" scale="1.5" reverse="none" adjustY="42" overlayFillType="Gradient"><centerPt x="-1" y="-1" /><fillRect l="0" t="0" r="0" b="0" /><stops /></gradOvrlyFill><shdw sz="100" blur="5" angle="90" dist="4"><preset val="offB" mode="offB" /><clr><srgbClr val="000000"><alpha val="30196" /></srgbClr></clr></shdw><frmt3d material="none" lighting="none" angle="0"><bevel top="cstm" bottom="none"><topSz w="0" h="0" /><bottomSz w="0" h="0" /></bevel><depth val="0"><clr /></depth><contour sz="0"><clr><srgbClr val="000000" /></clr></contour></frmt3d><rot3d x="0" y="0" z="0" pers="0" flat="false" dist="0" /><foreClr><schemeClr val="lt1" /></foreClr><innerStroke val="true" w="0"><clr /></innerStroke></bG><sldSz w="720" h="540" /><loc l="376" t="362" r="696" b="486" /><hLink enabled="false" trigG="00000000-0000-0000-0000-000000000000" /><text>{\rtf1\ansi\ansicpg1252\deff0\deflang1033{\fonttbl{\f0\fnil\fcharset0 &lt;!fontname&gt;;}}
{\colortbl ;\red&lt;!red&gt;\green&lt;!green&gt;\blue&lt;!blue&gt;;}
\viewkind4\uc1\pard&lt;!palign&gt;\cf1\f0\fs&lt;!fontsize&gt; Click to edit Feedback text styles\par
}
</text><ph type="body" /><textMargin l="-1" t="-1" r="-1" b="-1" /><bounds l="10" t="52" r="310" b="71" /><resize fontNm="Calibri" fontSz="32" /><margins l="0" t="0" r="0" b="0" /><parLst /><plain>Click to edit Feedback text styles</plain><hLinkLst /><defaults font="" sz="12" style="Bold, Italic, Underline, Strikeout" capType="not" horzAlign="c" vertAlign="m" textDir="not" textShadow="none" zoom="false"><foreClr><srgbClr val="FFFFFF" /></foreClr></defaults></ph></shapeLst><trigLst /><note></note><szCalc mode="scale" fillA="tl" v="1"><cropRect l="0" t="0" r="0" b="0" /><currSz w="0" h="0" /><lastSz w="0" h="0" /></szCalc></layout>