﻿<?xml version="1.0" encoding="utf-8" standalone="yes"?><layout g="01dfe22b-2e1c-4dc9-a514-a7d3f1ab7177" verG="240184e7-5f19-43d3-b1eb-c516766e0fdf" typeName="" id="0" state="2" showMasterSp="true" name="Blank" role="Blank" resetMode="auto" layoutG="7f817a98-1fec-49af-97a0-9a010cd18ba4" stateG="00000000-0000-0000-0000-000000000000" showPlay="false" clrScheme="def" assetG="00000000-0000-0000-0000-000000000000" backVis="trans" layoutType="Content" hideToc="false" internalG="91cf65bc-2ba1-4a36-b9df-8c96fccba9d9" copyG="2a573080-15b9-48ba-b106-349c1a9c596e" useCnt="0"><tmProps g="73f0018f-12e6-45c4-a49a-1f6b5853bb4b" verG="37e9ab0f-9900-4e3b-8998-ce3cd828b33a" cur="0" min="5000" visible="true" hideAll="false"><markers nextId="0" /></tmProps><tmCtxLst version="1"><tmCtx g="e0e9ba52-5443-4888-886b-9c2571bf1f78" verG="b84994cf-eab6-45b8-bcba-59924ef96fd2" start="0" dur="3000" min="3000" max="0" hasMax="false" alwysShw="false" untilEnd="false" assetStart="0" name="" /></tmCtxLst><sz w="0" h="0" /><trans dur="PT0.5S" /><bg><noFill /><lineStyle w="0" scale="1" cap="def" join="def" dash="cstm" cmpnd="cstm"><arrow scale="1"><begin type="def" sz="def" /><end type="def" sz="def" /></arrow></lineStyle><shdw sz="-3.40282347E+38" blur="-3.40282347E+38" angle="-3.40282347E+38" dist="-3.40282347E+38"><preset val="cstm" mode="cstm" /><clr /></shdw><frmt3d material="none" lighting="none" angle="0"><bevel top="cstm" bottom="none"><topSz w="0" h="0" /><bottomSz w="0" h="0" /></bevel><depth val="0"><clr /></depth><contour sz="0"><clr><srgbClr val="000000" /></clr></contour></frmt3d><rot3d x="0" y="0" z="0" pers="0" flat="false" dist="0" /></bg><shapeLst /><trigLst /><note></note><szCalc mode="scale" fillA="tl" v="1"><cropRect l="0" t="0" r="0" b="0" /><currSz w="0" h="0" /><lastSz w="0" h="0" /></szCalc></layout>