﻿<?xml version="1.0" encoding="utf-8" standalone="yes"?><layout g="9949c33d-59e3-4b3a-b652-fddcf085776e" verG="ef0c988a-009d-47bf-866d-ed55cc685478" typeName="" id="0" state="0" showMasterSp="false" name="Question with Media" role="Content" resetMode="auto" layoutG="7f817a98-1fec-49af-97a0-9a010cd18ba4" stateG="00000000-0000-0000-0000-000000000000" showPlay="false" clrScheme="def" assetG="00000000-0000-0000-0000-000000000000" backVis="trans" layoutType="Content" hideToc="false" internalG="99f9df3e-51e9-4e87-93ac-fe7ebdbddaa2" copyG="de9fc5ab-0c5d-4645-ad0a-e498ed6cc2fc" useCnt="0"><tmProps g="3cf99be1-bba7-4555-8711-f5393a106d28" verG="ac247622-07d2-4a84-a6e7-32f3df4ccf01" cur="0" min="5000" visible="true" hideAll="false"><markers nextId="0" /></tmProps><tmCtxLst version="1"><tmCtx g="0cd68b02-916c-4502-8a58-609e9cf847c5" verG="252ac11e-333c-4157-9936-02fe1ecbb1a8" start="0" dur="3000" min="3000" max="0" hasMax="false" alwysShw="false" untilEnd="false" assetStart="0" name="" /></tmCtxLst><sz w="0" h="0" /><trans dur="PT0.5S" /><bg><lineStyle w="0" scale="1" cap="def" join="def" dash="cstm" cmpnd="cstm"><arrow scale="1"><begin type="def" sz="def" /><end type="def" sz="def" /></arrow></lineStyle><shdw sz="-3.40282347E+38" blur="-3.40282347E+38" angle="-3.40282347E+38" dist="-3.40282347E+38"><preset val="cstm" mode="cstm" /><clr /></shdw><frmt3d material="none" lighting="none" angle="0"><bevel top="cstm" bottom="cstm"><topSz w="0" h="0" /><bottomSz w="0" h="0" /></bevel><depth val="0"><clr /></depth><contour sz="0"><clr><srgbClr val="000000" /></clr></contour></frmt3d><rot3d x="0" y="0" z="0" pers="0" flat="false" dist="0" /><reflection type="none" /><softEdge type="none" spread="0" /></bg><shapeLst><ph g="fb216551-133c-4665-a479-3343f663ee81" verG="5c72e8a2-aa42-4a14-becc-61f9294932a6" typeName="" id="1" state="58119" zOrder="0" editCtx="Normal" initState="" handCur="true" rot="0" acc="true" opac="100" autoFit="resize" shdw="none" wrap="none" rtl="false" defHorzAlign="l" horzAlign="not" vertAlign="t" textDir="not"><tmProps g="1cc3b9a0-be48-4159-a6e5-aa443a8e30c7" verG="84ccb499-0a8b-42e0-a09d-8a60ef37136a" cur="0" min="5000" visible="true" hideAll="false"><markers nextId="0" /></tmProps><tmCtxLst version="0"><txtTmCtx g="b917f19e-cdb7-4a29-875c-ab970df44d64" verG="5ad6daed-0006-42e4-a333-2638a4e1f490" start="0" dur="5000" min="250" max="0" hasMax="false" alwysShw="false" untilEnd="true" assetStart="0" name="" /></tmCtxLst><animEffect /><childLst /><trigLst /><stateLst /><bG><lineStyle w="0" scale="1" cap="def" join="def" dash="cstm" cmpnd="cstm"><arrow scale="1"><begin type="def" sz="def" /><end type="def" sz="def" /></arrow></lineStyle><shdw sz="-3.40282347E+38" blur="-3.40282347E+38" angle="-3.40282347E+38" dist="-3.40282347E+38"><preset val="cstm" mode="cstm" /><clr /></shdw><frmt3d material="none" lighting="none" angle="0"><bevel top="cstm" bottom="none"><topSz w="0" h="0" /><bottomSz w="0" h="0" /></bevel><depth val="0"><clr /></depth><contour sz="0"><clr><srgbClr val="000000" /></clr></contour></frmt3d><rot3d x="0" y="0" z="0" pers="0" flat="false" dist="0" /><foreClr><srgbClr val="2B2B2B" /></foreClr></bG><sldSz w="720" h="540" /><loc l="36" t="22" r="684" b="70" /><hLink enabled="false" trigG="00000000-0000-0000-0000-000000000000" /><text>{\rtf1\ansi\ansicpg1252\deff0\deflang1033{\fonttbl{\f0\fnil\fcharset0 &lt;!fontname&gt;;}}
{\colortbl ;\red&lt;!red&gt;\green&lt;!green&gt;\blue&lt;!blue&gt;;}
\viewkind4\uc1\pard&lt;!palign&gt;\cf1\f0\fs&lt;!fontsize&gt; Click to edit Question title style\par
}
</text><ph type="title" /><textMargin l="-1" t="-1" r="-1" b="-1" /><bounds l="10" t="5" r="638" b="35" /><resize fontNm="Calibri" fontSz="44" /><margins l="0" t="0" r="0" b="0" /><parLst /><plain>Click to edit Question title style</plain><hLinkLst /><defaults font="" sz="18.5" style="Bold, Italic, Underline, Strikeout" capType="not" horzAlign="l" vertAlign="t" textDir="not" textShadow="none" zoom="false"><foreClr /></defaults></ph><ph g="c19ffe56-2d92-4c9a-a087-31c84ff98ee1" verG="159489b7-2cdd-4344-9f53-7c47613b8974" typeName="" id="2" state="58119" zOrder="1" editCtx="Normal" initState="" handCur="true" rot="0" acc="true" opac="100" autoFit="shrink" shdw="none" wrap="none" rtl="false" defHorzAlign="l" horzAlign="not" vertAlign="not" textDir="not"><tmProps g="b9ca3447-4ace-4745-8dd7-9ef8690b0602" verG="a4d7374b-987a-46cc-9495-1df1d42816ce" cur="0" min="5000" visible="true" hideAll="false"><markers nextId="0" /></tmProps><tmCtxLst version="0"><txtTmCtx g="c1930c45-5a15-4f71-9361-0d977cf0ba4b" verG="40e18673-08fc-458b-a76b-a7f388eb8d20" start="0" dur="5000" min="250" max="0" hasMax="false" alwysShw="false" untilEnd="true" assetStart="0" name="" /></tmCtxLst><animEffect /><childLst /><trigLst /><stateLst /><bG><lineStyle w="0" scale="1" cap="def" join="def" dash="cstm" cmpnd="cstm"><arrow scale="1"><begin type="def" sz="def" /><end type="def" sz="def" /></arrow></lineStyle><shdw sz="-3.40282347E+38" blur="-3.40282347E+38" angle="-3.40282347E+38" dist="-3.40282347E+38"><preset val="cstm" mode="cstm" /><clr /></shdw><frmt3d material="none" lighting="none" angle="0"><bevel top="cstm" bottom="none"><topSz w="0" h="0" /><bottomSz w="0" h="0" /></bevel><depth val="0"><clr /></depth><contour sz="0"><clr><srgbClr val="000000" /></clr></contour></frmt3d><rot3d x="0" y="0" z="0" pers="0" flat="false" dist="0" /></bG><sldSz w="686" h="424" /><loc l="34" t="61" r="384" b="394" /><hLink enabled="false" trigG="00000000-0000-0000-0000-000000000000" /><text>{\rtf1\ansi\ansicpg1252\deff0\deflang1033{\fonttbl{\f0\fnil\fcharset0 &lt;!fontname&gt;;}}
{\colortbl ;\red&lt;!red&gt;\green&lt;!green&gt;\blue&lt;!blue&gt;;}
\viewkind4\uc1\pard&lt;!palign&gt;\cf1\f0\fs&lt;!fontsize&gt; Click to edit Choice text styles\par
}
</text><ph type="text" subType="Interaction" /><textMargin l="-1" t="-1" r="-1" b="-1" /><bounds l="10" t="5" r="357" b="24" /><resize fontNm="" fontSz="0" /><margins l="0" t="0" r="0" b="0" /><parLst /><plain>Click to edit Choice text styles</plain><hLinkLst /><defaults font="" sz="0" style="Bold, Italic, Underline, Strikeout" capType="not" horzAlign="not" vertAlign="not" textDir="not" textShadow="none" zoom="false"><foreClr><srgbClr val="000000" /></foreClr></defaults></ph><ph g="1e3de670-056c-4bda-b21c-1f386f3e6dd3" verG="afeb2064-22ed-4cbb-9627-cba8cd5f9cf1" typeName="" id="3" state="58119" zOrder="2" editCtx="Normal" initState="" handCur="true" rot="0" acc="true" opac="100" autoFit="none" shdw="none" wrap="none" rtl="false" defHorzAlign="l" horzAlign="not" vertAlign="not" textDir="not"><tmProps g="a2c1b293-e43b-47d2-b822-20f8d4de9aaf" verG="86b1adae-5e77-4d17-8a7e-0570d7b95211" cur="0" min="5000" visible="true" hideAll="false"><markers nextId="0" /></tmProps><tmCtxLst version="0"><txtTmCtx g="19eeb485-a4c4-481d-8c30-8019ef1535b3" verG="a86cf4b1-b236-4b43-8d44-3bfe08405390" start="0" dur="5000" min="250" max="0" hasMax="false" alwysShw="false" untilEnd="true" assetStart="0" name="" /></tmCtxLst><animEffect /><childLst /><trigLst /><stateLst /><bG shine="false"><solidFill><clr><srgbClr val="EDEDED" /></clr></solidFill><frmt3d material="warm" lighting="point2" angle="120"><bevel top="cir" bottom="none"><topSz w="1.5" h="1.125" /><bottomSz w="0" h="0" /></bevel><depth val="0"><clr /></depth><contour sz="0"><clr><srgbClr val="000000" /></clr></contour></frmt3d><rot3d x="0" y="0" z="0" pers="0" flat="false" dist="0" /><reflection type="none" /><glow type="none" spread="0"><clr><schemeClr val="accent1" /></clr></glow><softEdge type="none" spread="0" /><foreClr><schemeClr val="dk1" /></foreClr></bG><sldSz w="720" h="540" /><loc l="432" t="78" r="684" b="278" /><hLink enabled="false" trigG="00000000-0000-0000-0000-000000000000" /><text>{\rtf1\ansi\ansicpg1252\deff0\deflang1033{\fonttbl{\f0\fnil\fcharset0 &lt;!fontname&gt;;}}
{\colortbl ;\red&lt;!red&gt;\green&lt;!green&gt;\blue&lt;!blue&gt;;}
\viewkind4\uc1\pard&lt;!palign&gt;\cf1\f0\fs&lt;!fontsize&gt; Picture\par
}
</text><ph type="pic" /><textMargin l="-1" t="-1" r="-1" b="-1" /><bounds l="10" t="5" r="242" b="24" /><resize fontNm="" fontSz="0" /><margins l="0" t="0" r="0" b="0" /><parLst /><plain>Picture</plain><hLinkLst /><defaults font="" sz="0" style="Bold, Italic, Underline, Strikeout" capType="not" horzAlign="not" vertAlign="not" textDir="not" textShadow="none" zoom="false"><foreClr><srgbClr val="000000" /></foreClr></defaults></ph></shapeLst><trigLst /><note></note><szCalc mode="scale" fillA="tl" v="1"><cropRect l="0" t="0" r="0" b="0" /><currSz w="0" h="0" /><lastSz w="0" h="0" /></szCalc></layout>