﻿<?xml version="1.0" encoding="utf-8" standalone="yes"?><layout g="feea1f69-950f-4831-920c-fb43dd73db6f" verG="7dfd7337-5002-47d4-ace5-6024d12f0b95" typeName="" id="0" state="0" showMasterSp="false" name="Question" role="Content" resetMode="auto" layoutG="7f817a98-1fec-49af-97a0-9a010cd18ba4" stateG="00000000-0000-0000-0000-000000000000" showPlay="false" clrScheme="def" assetG="00000000-0000-0000-0000-000000000000" backVis="trans" layoutType="Content" hideToc="false" internalG="2ccbeb5f-1cc2-4322-aaa8-771ec516d916" copyG="fa8ac816-3a0e-4a4f-8478-01e52599d3f1" useCnt="0"><tmProps g="e0e82451-87aa-4088-bf7f-feae03fc4c5d" verG="d772d2e8-ca67-4267-b40a-18fe995defde" cur="0" min="5000" visible="true" hideAll="false"><markers nextId="0" /></tmProps><tmCtxLst version="1"><tmCtx g="1479416c-42cc-44c8-8679-19b34f4e5706" verG="cf9ae9f6-331e-43fb-a60d-4c9d98f0df72" start="0" dur="3000" min="3000" max="0" hasMax="false" alwysShw="false" untilEnd="false" assetStart="0" name="" /></tmCtxLst><sz w="0" h="0" /><trans dur="PT0.5S" /><bg><lineStyle w="0" scale="1" cap="def" join="def" dash="cstm" cmpnd="cstm"><arrow scale="1"><begin type="def" sz="def" /><end type="def" sz="def" /></arrow></lineStyle><shdw sz="-3.40282347E+38" blur="-3.40282347E+38" angle="-3.40282347E+38" dist="-3.40282347E+38"><preset val="cstm" mode="cstm" /><clr /></shdw><frmt3d material="none" lighting="none" angle="0"><bevel top="cstm" bottom="cstm"><topSz w="0" h="0" /><bottomSz w="0" h="0" /></bevel><depth val="0"><clr /></depth><contour sz="0"><clr><srgbClr val="000000" /></clr></contour></frmt3d><rot3d x="0" y="0" z="0" pers="0" flat="false" dist="0" /><reflection type="none" /><softEdge type="none" spread="0" /></bg><shapeLst><ph g="4a5cff99-dee9-4bbc-80a3-9f8dbc7f2463" verG="b3da9e03-96e6-405c-b487-8cddaebe102e" typeName="" id="1" state="58119" zOrder="0" editCtx="Normal" initState="" handCur="true" rot="0" acc="true" opac="100" autoFit="resize" shdw="none" wrap="none" rtl="false" defHorzAlign="l" horzAlign="not" vertAlign="t" textDir="not"><tmProps g="d8f26173-025e-4809-929d-16d6cbc18695" verG="3b32c09f-b938-45b8-a98e-2481a03020fa" cur="0" min="5000" visible="true" hideAll="false"><markers nextId="0" /></tmProps><tmCtxLst version="0"><txtTmCtx g="b917f19e-cdb7-4a29-875c-ab970df44d64" verG="96179c29-e6b7-4a82-a678-580b4d1a8f6a" start="0" dur="5000" min="250" max="0" hasMax="false" alwysShw="false" untilEnd="true" assetStart="0" name="" /></tmCtxLst><animEffect /><childLst /><trigLst /><stateLst /><bG><lineStyle w="0" scale="1" cap="def" join="def" dash="cstm" cmpnd="cstm"><arrow scale="1"><begin type="def" sz="def" /><end type="def" sz="def" /></arrow></lineStyle><shdw sz="-3.40282347E+38" blur="-3.40282347E+38" angle="-3.40282347E+38" dist="-3.40282347E+38"><preset val="cstm" mode="cstm" /><clr /></shdw><frmt3d material="none" lighting="none" angle="0"><bevel top="cstm" bottom="none"><topSz w="0" h="0" /><bottomSz w="0" h="0" /></bevel><depth val="0"><clr /></depth><contour sz="0"><clr><srgbClr val="000000" /></clr></contour></frmt3d><rot3d x="0" y="0" z="0" pers="0" flat="false" dist="0" /><foreClr><srgbClr val="2B2B2B" /></foreClr></bG><sldSz w="720" h="540" /><loc l="36" t="22" r="684" b="70" /><hLink enabled="false" trigG="00000000-0000-0000-0000-000000000000" /><text>{\rtf1\ansi\ansicpg1252\deff0\deflang1033{\fonttbl{\f0\fnil\fcharset0 &lt;!fontname&gt;;}}
{\colortbl ;\red&lt;!red&gt;\green&lt;!green&gt;\blue&lt;!blue&gt;;}
\viewkind4\uc1\pard&lt;!palign&gt;\cf1\f0\fs&lt;!fontsize&gt; Click to edit Question title style\par
}
</text><ph type="title" /><textMargin l="-1" t="-1" r="-1" b="-1" /><bounds l="10" t="5" r="638" b="35" /><resize fontNm="Calibri" fontSz="44" /><margins l="0" t="0" r="0" b="0" /><parLst /><plain>Click to edit Question title style</plain><hLinkLst /><defaults font="" sz="18.5" style="Bold, Italic, Underline, Strikeout" capType="not" horzAlign="l" vertAlign="t" textDir="not" textShadow="none" zoom="false"><foreClr /></defaults></ph><ph g="cc7032d4-9789-42a8-9e5f-f9d84ad1cb87" verG="ea3bd5eb-6697-457c-b85f-5ba5cee350cf" typeName="" id="2" state="58119" zOrder="1" editCtx="Normal" initState="" handCur="true" rot="0" acc="true" opac="100" autoFit="shrink" shdw="none" wrap="none" rtl="false" defHorzAlign="l" horzAlign="not" vertAlign="not" textDir="not"><tmProps g="3d8bff0e-3cec-4ba5-9f87-920753bc005a" verG="0b7ce37b-3e3e-4794-97a1-427bae2008f4" cur="0" min="5000" visible="true" hideAll="false"><markers nextId="0" /></tmProps><tmCtxLst version="0"><txtTmCtx g="c1930c45-5a15-4f71-9361-0d977cf0ba4b" verG="8823f731-a5b3-4724-9fa4-72c5145483e2" start="0" dur="5000" min="250" max="0" hasMax="false" alwysShw="false" untilEnd="true" assetStart="0" name="" /></tmCtxLst><animEffect /><childLst /><trigLst /><stateLst /><bG><lineStyle w="0" scale="1" cap="def" join="def" dash="cstm" cmpnd="cstm"><arrow scale="1"><begin type="def" sz="def" /><end type="def" sz="def" /></arrow></lineStyle><shdw sz="-3.40282347E+38" blur="-3.40282347E+38" angle="-3.40282347E+38" dist="-3.40282347E+38"><preset val="cstm" mode="cstm" /><clr /></shdw><frmt3d material="none" lighting="none" angle="0"><bevel top="cstm" bottom="none"><topSz w="0" h="0" /><bottomSz w="0" h="0" /></bevel><depth val="0"><clr /></depth><contour sz="0"><clr><srgbClr val="000000" /></clr></contour></frmt3d><rot3d x="0" y="0" z="0" pers="0" flat="false" dist="0" /></bG><sldSz w="720" h="540" /><loc l="36" t="78" r="684" b="502" /><hLink enabled="false" trigG="00000000-0000-0000-0000-000000000000" /><text>{\rtf1\ansi\ansicpg1252\deff0\deflang1033{\fonttbl{\f0\fnil\fcharset0 &lt;!fontname&gt;;}}
{\colortbl ;\red&lt;!red&gt;\green&lt;!green&gt;\blue&lt;!blue&gt;;}
\viewkind4\uc1\pard&lt;!palign&gt;\cf1\f0\fs&lt;!fontsize&gt; Click to edit Choice text styles\par
}
</text><ph type="text" subType="Interaction" /><textMargin l="-1" t="-1" r="-1" b="-1" /><bounds l="10" t="5" r="638" b="24" /><resize fontNm="" fontSz="0" /><margins l="0" t="0" r="0" b="0" /><parLst /><plain>Click to edit Choice text styles</plain><hLinkLst /><defaults font="" sz="0" style="Bold, Italic, Underline, Strikeout" capType="not" horzAlign="not" vertAlign="not" textDir="not" textShadow="none" zoom="false"><foreClr><srgbClr val="000000" /></foreClr></defaults></ph></shapeLst><trigLst /><note></note><szCalc mode="scale" fillA="tl" v="1"><cropRect l="0" t="0" r="0" b="0" /><currSz w="0" h="0" /><lastSz w="0" h="0" /></szCalc></layout>