﻿<?xml version="1.0" encoding="utf-8" standalone="yes"?><layout g="f9b5c3fc-f2b1-4d7f-a71a-1a01f40febee" verG="6b24071c-66f0-434e-97f8-a3637bc643ea" typeName="" id="0" state="0" showMasterSp="false" name="Title and Content" role="Content" resetMode="auto" layoutG="7f817a98-1fec-49af-97a0-9a010cd18ba4" stateG="00000000-0000-0000-0000-000000000000" showPlay="false" clrScheme="def" assetG="00000000-0000-0000-0000-000000000000" backVis="trans" layoutType="Content" hideToc="false" internalG="fcd3e598-815b-47f0-8f92-e24f615e6a9a" copyG="fcc3f9da-6862-4f44-a464-a899031f4a86" useCnt="0"><tmProps g="446965ed-068b-4493-852b-50c05f399de9" verG="77e71d9a-ee75-4834-8fe2-9a01a1c178fc" cur="0" min="5000" visible="true" hideAll="false"><markers nextId="0" /></tmProps><tmCtxLst version="1"><tmCtx g="b01f02f4-dc9b-42ea-bcc0-5b06b8d3207d" verG="a62d3a70-4e83-47a2-97c9-bf6e8d6b4086" start="0" dur="3000" min="3000" max="0" hasMax="false" alwysShw="false" untilEnd="false" assetStart="0" name="" /></tmCtxLst><sz w="0" h="0" /><trans dur="PT0.5S" /><bg><lineStyle w="0" scale="1" cap="def" join="def" dash="cstm" cmpnd="cstm"><arrow scale="1"><begin type="def" sz="def" /><end type="def" sz="def" /></arrow></lineStyle><shdw sz="-3.40282347E+38" blur="-3.40282347E+38" angle="-3.40282347E+38" dist="-3.40282347E+38"><preset val="cstm" mode="cstm" /><clr /></shdw><frmt3d material="none" lighting="none" angle="0"><bevel top="cstm" bottom="cstm"><topSz w="0" h="0" /><bottomSz w="0" h="0" /></bevel><depth val="0"><clr /></depth><contour sz="0"><clr><srgbClr val="000000" /></clr></contour></frmt3d><rot3d x="0" y="0" z="0" pers="0" flat="false" dist="0" /><reflection type="none" /><softEdge type="none" spread="0" /></bg><shapeLst><ph g="ac294a01-b2ba-4a9e-94bc-13f648e05350" verG="020fbb84-89ac-4e41-a73c-bb4576be1f22" typeName="" id="1" state="57607" zOrder="0" editCtx="Normal" initState="" handCur="true" rot="0" acc="true" opac="100" autoFit="def" shdw="none" wrap="none" rtl="false" defHorzAlign="l" horzAlign="not" vertAlign="m" textDir="not"><tmProps g="bd442309-278e-4759-91f9-ec57fc6f4ea7" verG="2ccf223f-1ccb-4234-912f-94a6a7cf60a4" cur="0" min="5000" visible="true" hideAll="false"><markers nextId="0" /></tmProps><tmCtxLst version="0"><txtTmCtx g="d1f3de75-cf30-4cce-9c95-12fceeff2317" verG="3f3671bf-6e22-4e4d-be73-d2c965323985" start="0" dur="3000" min="250" max="0" hasMax="false" alwysShw="false" untilEnd="true" assetStart="0" name="" /></tmCtxLst><animEffect /><childLst /><trigLst /><stateLst /><bG><lineStyle w="0" scale="1" cap="def" join="def" dash="cstm" cmpnd="cstm"><arrow scale="1"><begin type="def" sz="def" /><end type="def" sz="def" /></arrow></lineStyle><shdw sz="-3.40282347E+38" blur="-3.40282347E+38" angle="-3.40282347E+38" dist="-3.40282347E+38"><preset val="cstm" mode="cstm" /><clr /></shdw><frmt3d material="none" lighting="none" angle="0"><bevel top="cstm" bottom="none"><topSz w="0" h="0" /><bottomSz w="0" h="0" /></bevel><depth val="0"><clr /></depth><contour sz="0"><clr><srgbClr val="000000" /></clr></contour></frmt3d><rot3d x="0" y="0" z="0" pers="0" flat="false" dist="0" /></bG><sldSz w="960" h="720" /><loc l="48" t="29" r="912" b="149" /><hLink enabled="false" trigG="00000000-0000-0000-0000-000000000000" /><ph type="title" /><textMargin l="-1" t="-1" r="-1" b="-1" /><bounds l="10" t="26" r="638" b="64" /><resize fontNm="Calibri" fontSz="44" /><margins l="0" t="0" r="0" b="0" /><parLst /><plain></plain><hLinkLst /><defaults font="" sz="0" style="Bold, Italic, Underline, Strikeout" capType="not" horzAlign="not" vertAlign="not" textDir="not" textShadow="none" zoom="false"><foreClr /></defaults></ph><ph g="0b9b6977-4410-48fa-bfcf-a8621d31678b" verG="8b2a8173-9f7a-4816-a765-0eef950e3dec" typeName="" id="2" state="57607" zOrder="1" editCtx="Normal" initState="" handCur="true" rot="0" acc="true" opac="100" autoFit="def" shdw="none" wrap="none" rtl="false" defHorzAlign="l" horzAlign="not" vertAlign="not" textDir="not"><tmProps g="fc29a29c-4e55-4170-98c0-9b08465853d3" verG="7d810b29-ba8e-4013-8835-a741bbc81bec" cur="0" min="5000" visible="true" hideAll="false"><markers nextId="0" /></tmProps><tmCtxLst version="0"><txtTmCtx g="5cec1953-bf1c-4b18-a8f0-c935ebe632da" verG="b9e578d2-5f9d-4a07-9a5d-ded72d7bd240" start="0" dur="3000" min="250" max="0" hasMax="false" alwysShw="false" untilEnd="true" assetStart="0" name="" /></tmCtxLst><animEffect /><childLst /><trigLst /><stateLst /><bG><lineStyle w="0" scale="1" cap="def" join="def" dash="cstm" cmpnd="cstm"><arrow scale="1"><begin type="def" sz="def" /><end type="def" sz="def" /></arrow></lineStyle><shdw sz="-3.40282347E+38" blur="-3.40282347E+38" angle="-3.40282347E+38" dist="-3.40282347E+38"><preset val="cstm" mode="cstm" /><clr /></shdw><frmt3d material="none" lighting="none" angle="0"><bevel top="cstm" bottom="none"><topSz w="0" h="0" /><bottomSz w="0" h="0" /></bevel><depth val="0"><clr /></depth><contour sz="0"><clr><srgbClr val="000000" /></clr></contour></frmt3d><rot3d x="0" y="0" z="0" pers="0" flat="false" dist="0" /><foreClr><srgbClr val="000000" /></foreClr></bG><sldSz w="960" h="720" /><loc l="48" t="168" r="912" b="643" /><hLink enabled="false" trigG="00000000-0000-0000-0000-000000000000" /><text>{\rtf1\ansi\ansicpg1252\deff0\deflang1033{\fonttbl{\f0\fnil\fcharset0 &lt;!fontname&gt;;}}
{\colortbl ;\red&lt;!red&gt;\green&lt;!green&gt;\blue&lt;!blue&gt;;}
\viewkind4\uc1\pard&lt;!palign&gt;\cf1\f0\fs&lt;!fontsize&gt; Click to edit Master text styles\par
}
</text><ph type="content" /><textMargin l="-1" t="-1" r="-1" b="-1" /><bounds l="10" t="5" r="638" b="24" /><resize fontNm="Articulate (Body)" fontSz="11" /><margins l="0" t="0" r="0" b="0" /><parLst /><plain>Click to edit Master text styles</plain><hLinkLst /><defaults font="" sz="0" style="Bold, Italic, Underline, Strikeout" capType="not" horzAlign="not" vertAlign="not" textDir="not" textShadow="none" zoom="false"><foreClr><srgbClr val="000000" /></foreClr></defaults></ph></shapeLst><trigLst /><note></note><szCalc mode="scale" fillA="tl" v="1"><cropRect l="0" t="0" r="0" b="0" /><currSz w="0" h="0" /><lastSz w="0" h="0" /></szCalc></layout>