﻿<?xml version="1.0" encoding="utf-8" standalone="yes"?><master g="e5d24c31-808d-400b-974f-0dd3d3eaa388" verG="6e20ec2b-0fcf-46bd-ad66-5adc8843dc5a" typeName="" id="0" state="0" showMasterSp="false" name="Clean" role="Content" resetMode="auto" layoutG="7f817a98-1fec-49af-97a0-9a010cd18ba4" stateG="00000000-0000-0000-0000-000000000000" showPlay="false" clrScheme="def" assetG="00000000-0000-0000-0000-000000000000" backVis="trans" layoutType="Content" hideToc="false" internalG="63899fae-b8ea-40a4-bb80-32f06084e844" copyG="146bda93-6762-40be-9086-36b61392b934" useCnt="0" preserve="false"><tmProps g="fc77f9b6-2924-433a-ba18-f9e93ae4d63a" verG="545c51e2-5c0e-42a2-8eed-ca2723a7c8ce" cur="0" min="5000" visible="true" hideAll="false"><markers nextId="0" /></tmProps><tmCtxLst version="1"><tmCtx g="0f1aeac9-1aac-4192-8fbe-9f0fff5b3177" verG="55fe054b-1254-4144-898c-9768f1f4a689" start="0" dur="3000" min="3000" max="0" hasMax="false" alwysShw="false" untilEnd="false" assetStart="0" name="" /></tmCtxLst><sz w="0" h="0" /><trans dur="PT0.5S"><none dur="PT1S" /></trans><bg><solidFill><clr><schemeClr val="lt1" /></clr></solidFill><lineStyle w="0" scale="1" cap="def" join="def" dash="cstm" cmpnd="cstm"><arrow scale="1"><begin type="def" sz="def" /><end type="def" sz="def" /></arrow></lineStyle><shdw sz="-3.40282347E+38" blur="-3.40282347E+38" angle="-3.40282347E+38" dist="-3.40282347E+38"><preset val="cstm" mode="cstm" /><clr /></shdw><frmt3d material="none" lighting="none" angle="0"><bevel top="cstm" bottom="cstm"><topSz w="0" h="0" /><bottomSz w="0" h="0" /></bevel><depth val="0"><clr /></depth><contour sz="0"><clr><srgbClr val="000000" /></clr></contour></frmt3d><rot3d x="0" y="0" z="0" pers="0" flat="false" dist="0" /><reflection type="none" /><softEdge type="none" spread="0" /></bg><shapeLst><ph g="95422ecf-b636-46e4-86f9-7a364dd1642f" verG="be932f77-4f5d-4ac4-b5f1-6cbbf81942ec" typeName="" id="1" state="57607" zOrder="0" editCtx="Normal" initState="" handCur="true" rot="0" acc="true" opac="100" autoFit="def" shdw="none" wrap="none" rtl="false" defHorzAlign="l" horzAlign="not" vertAlign="m" textDir="not"><tmProps g="6f737f70-b373-48b4-8be1-c55723fe8f0c" verG="1b239f00-c3f9-496c-becf-e34de75f5579" cur="0" min="5000" visible="true" hideAll="false"><markers nextId="0" /></tmProps><tmCtxLst version="0"><txtTmCtx g="298d8774-5219-46b7-9d51-052c2d4e2480" verG="7a8764ed-b83f-4a83-bc49-f9d2b9d0a829" start="0" dur="3000" min="250" max="0" hasMax="false" alwysShw="false" untilEnd="true" assetStart="0" name="" /></tmCtxLst><animEffect /><childLst /><trigLst /><stateLst /><bG><lineStyle w="0" scale="1" cap="def" join="def" dash="cstm" cmpnd="cstm"><arrow scale="1"><begin type="def" sz="def" /><end type="def" sz="def" /></arrow></lineStyle><shdw sz="-3.40282347E+38" blur="-3.40282347E+38" angle="-3.40282347E+38" dist="-3.40282347E+38"><preset val="cstm" mode="cstm" /><clr /></shdw><frmt3d material="none" lighting="none" angle="0"><bevel top="cstm" bottom="none"><topSz w="0" h="0" /><bottomSz w="0" h="0" /></bevel><depth val="0"><clr /></depth><contour sz="0"><clr><srgbClr val="000000" /></clr></contour></frmt3d><rot3d x="0" y="0" z="0" pers="0" flat="false" dist="0" /></bG><sldSz w="960" h="720" /><loc l="48" t="29" r="912" b="149" /><hLink enabled="false" trigG="00000000-0000-0000-0000-000000000000" /><ph type="title" /><textMargin l="-1" t="-1" r="-1" b="-1" /><bounds l="10" t="26" r="638" b="64" /><resize fontNm="Open Sans (Heading)" fontSz="44" /><margins l="0" t="0" r="0" b="0" /><parLst /><plain></plain><hLinkLst /><defaults font="" sz="0" style="Bold, Italic, Underline, Strikeout" capType="not" horzAlign="c" vertAlign="not" textDir="not" textShadow="none" zoom="false"><foreClr /></defaults></ph><ph g="be6fd781-b6eb-40ea-9273-47bdfc68ccf1" verG="cdedac5c-3a8f-49fe-b2e1-0da0c5364d37" typeName="" id="2" state="57607" zOrder="1" editCtx="Normal" initState="" handCur="true" rot="0" acc="true" opac="100" autoFit="def" shdw="none" wrap="none" rtl="false" defHorzAlign="l" horzAlign="not" vertAlign="not" textDir="not"><tmProps g="ff8a7ea9-122b-4707-aa7b-2e000001af42" verG="9aa6d095-c04e-431e-996c-3d4fbaa1e379" cur="0" min="5000" visible="true" hideAll="false"><markers nextId="0" /></tmProps><tmCtxLst version="0"><txtTmCtx g="69458b57-74ca-422c-96fa-0fa297be997a" verG="3c514f6f-6379-46d4-bc82-0a9ca6e4c356" start="0" dur="3000" min="250" max="0" hasMax="false" alwysShw="false" untilEnd="true" assetStart="0" name="" /></tmCtxLst><animEffect /><childLst /><trigLst /><stateLst /><bG><lineStyle w="0" scale="1" cap="def" join="def" dash="cstm" cmpnd="cstm"><arrow scale="1"><begin type="def" sz="def" /><end type="def" sz="def" /></arrow></lineStyle><shdw sz="-3.40282347E+38" blur="-3.40282347E+38" angle="-3.40282347E+38" dist="-3.40282347E+38"><preset val="cstm" mode="cstm" /><clr /></shdw><frmt3d material="none" lighting="none" angle="0"><bevel top="cstm" bottom="none"><topSz w="0" h="0" /><bottomSz w="0" h="0" /></bevel><depth val="0"><clr /></depth><contour sz="0"><clr><srgbClr val="000000" /></clr></contour></frmt3d><rot3d x="0" y="0" z="0" pers="0" flat="false" dist="0" /></bG><sldSz w="960" h="720" /><loc l="48" t="168" r="912" b="643" /><hLink enabled="false" trigG="00000000-0000-0000-0000-000000000000" /><text>{\rtf1\ansi\ansicpg1252\deff0\deflang1033{\fonttbl{\f0\fnil\fcharset0 &lt;!fontname&gt;;}}
{\colortbl ;\red&lt;!red&gt;\green&lt;!green&gt;\blue&lt;!blue&gt;;}
\viewkind4\uc1\pard&lt;!palign&gt;\cf1\f0\fs&lt;!fontsize&gt;\par
}
</text><ph type="body" /><textMargin l="-1" t="-1" r="-1" b="-1" /><bounds l="10" t="5" r="638" b="28" /><resize fontNm="Open Sans (Body)" fontSz="12" /><margins l="0" t="0" r="0" b="0" /><parLst /><plain>Click to edit Master text styles</plain><hLinkLst /><defaults font="" sz="0" style="Bold, Italic, Underline, Strikeout" capType="not" horzAlign="not" vertAlign="not" textDir="not" textShadow="none" zoom="false"><foreClr><srgbClr val="2B2B2B" /></foreClr></defaults></ph></shapeLst><trigLst /><clrLst name="clrLst"><dk1><srgbClr val="000000" /></dk1><lt1><srgbClr val="FFFFFF" /></lt1><dk2><srgbClr val="1F497D" /></dk2><lt2><srgbClr val="EEECE1" /></lt2><accent1><srgbClr val="4F81BD" /></accent1><accent2><srgbClr val="C0504D" /></accent2><accent3><srgbClr val="9BBB59" /></accent3><accent4><srgbClr val="8064A2" /></accent4><accent5><srgbClr val="4BACC6" /></accent5><accent6><srgbClr val="F79646" /></accent6><hlink><srgbClr val="0000FF" /></hlink><folHlink><srgbClr val="800080" /></folHlink><control1><srgbClr val="0DDAEF" /></control1><custom1><srgbClr val="1888E7" /></custom1><custom2><srgbClr val="00DEF1" /></custom2></clrLst><note></note><szCalc mode="scale" fillA="tl" v="1"><cropRect l="0" t="0" r="0" b="0" /><currSz w="0" h="0" /><lastSz w="0" h="0" /></szCalc><fonts name="Open Sans" major="Open Sans" minor="Open Sans" /><layoutIdLst><sldId>R6Avn6zl1y1Y</sldId><sldId>R5zfis6rpV0Q</sldId><sldId>R5lLcU5x9AnH</sldId><sldId>R6k0MWtmDXX4</sldId><sldId>R6hV5I5rQCeJ</sldId></layoutIdLst></master>