﻿<?xml version="1.0" encoding="utf-8" standalone="yes"?><master g="09c4b852-0c9a-43ec-928e-c9bef5c38e76" verG="6d76cd98-effa-4df8-98a2-657546fb85b0" typeName="" id="0" state="2" showMasterSp="false" name="Clean" role="Feedback" resetMode="auto" layoutG="7f817a98-1fec-49af-97a0-9a010cd18ba4" stateG="00000000-0000-0000-0000-000000000000" showPlay="false" clrScheme="def" assetG="00000000-0000-0000-0000-000000000000" backVis="trans" layoutType="Content" hideToc="false" internalG="e20174cd-4150-4af9-a88e-0433dd5b67f1" copyG="9e0f66b4-f4aa-41ae-84ac-a5d58fcf565c" useCnt="0" preserve="false"><tmProps g="95feaca5-a2fe-4b46-9546-cbf0755c1d7d" verG="0ea2ec00-ebe3-426c-a033-58c1a3acf196" cur="0" min="5000" visible="true" hideAll="false"><markers nextId="0" /></tmProps><tmCtxLst version="1"><tmCtx g="801b101b-da05-461c-b0e7-87a8ef281ae6" verG="945729e3-0058-4696-bbb4-2e9582e1eea2" start="0" dur="3000" min="3000" max="0" hasMax="false" alwysShw="false" untilEnd="false" assetStart="0" name="" /></tmCtxLst><sz w="0" h="0" /><trans dur="PT0.5S"><none dur="PT1S" /></trans><bg><noFill /><lineStyle w="0" scale="1" cap="def" join="def" dash="cstm" cmpnd="cstm"><arrow scale="1"><begin type="def" sz="def" /><end type="def" sz="def" /></arrow></lineStyle><shdw sz="-3.40282347E+38" blur="-3.40282347E+38" angle="-3.40282347E+38" dist="-3.40282347E+38"><preset val="cstm" mode="cstm" /><clr /></shdw><frmt3d material="none" lighting="none" angle="0"><bevel top="cstm" bottom="none"><topSz w="0" h="0" /><bottomSz w="0" h="0" /></bevel><depth val="0"><clr /></depth><contour sz="0"><clr><srgbClr val="000000" /></clr></contour></frmt3d><rot3d x="0" y="0" z="0" pers="0" flat="false" dist="0" /></bg><shapeLst><roundRect g="01d65a89-0c84-473f-8f04-8b7cd69a32fc" verG="156e27a1-1bcd-4d18-9722-ec8dcbd2ee36" typeName="" id="3" name="Rectangle" state="123143" zOrder="0" editCtx="Normal" initState="" handCur="true" rot="-1" acc="true" autoFit="def" shdw="none" wrap="none" rtl="false" defHorzAlign="l" horzAlign="not" vertAlign="not" textDir="not"><tmProps g="0c9911f3-0045-4b59-a6dc-1a3d9295e0c2" verG="93029f34-cb81-47d7-b887-3ac502ecf42e" cur="0" min="5000" visible="true" hideAll="false" /><tmCtxLst version="2"><txtTmCtx g="5eee5f3d-8c79-4c89-b855-e55a589b9b65" verG="13e29773-4f21-4596-b7aa-56f3c7b5c2d1" start="0" dur="3000" min="3000" max="0" hasMax="false" alwysShw="false" untilEnd="true" assetStart="0" name="" /></tmCtxLst><animEffect /><childLst /><trigLst /><stateLst /><bG shine="false" penAlign="Center"><gradFill type="lin" style="def" rot="true" angle="90"><centerPt x="0.5" y="0.5" /><fillRect l="0" t="0" r="0" b="0" /><stops><stop g="db083fcc-3c75-4e06-a73e-37169aa17280" verG="b39aee45-6fad-49cc-9952-6e2194d8695d" pos="0"><clr><srgbClr val="EFEFEF"><alpha val="100000" /></srgbClr></clr></stop><stop g="1da24a14-1c9d-4ec7-aa23-8f874a4a0d49" verG="426be445-327d-487b-aef3-74b9834d0bdb" pos="100"><clr><srgbClr val="D3D3D3"><alpha val="100000" /></srgbClr></clr></stop></stops></gradFill><solidLine><clr><srgbClr val="B3B2B2" /></clr></solidLine><lineStyle w="1" scale="1" cap="flat" join="rnd" dash="sld" cmpnd="sng"><arrow scale="1"><begin type="none" sz="size5" /><end type="none" sz="size5" /></arrow></lineStyle><shdw sz="100" blur="5" angle="90" dist="4"><preset val="offB" mode="offB" /><clr><srgbClr val="000000"><alpha val="40000" /></srgbClr></clr></shdw><frmt3d material="none" lighting="none" angle="0"><bevel top="none" bottom="none"><topSz w="0" h="0" /><bottomSz w="0" h="0" /></bevel><depth val="0"><clr /></depth><contour sz="0"><clr><srgbClr val="000000" /></clr></contour></frmt3d><rot3d x="0" y="0" z="0" pers="0" flat="false" dist="0" /><reflection type="none" /><glow type="none" spread="0"><clr><schemeClr val="accent1" /></clr></glow><softEdge type="none" spread="0" /><foreClr><schemeClr val="dk1" /></foreClr><innerStroke val="true" w="0"><clr /></innerStroke></bG><sldSz w="720" h="540" /><loc l="142" t="175" r="578" b="365" /><hLink enabled="false" trigG="00000000-0000-0000-0000-000000000000" /><ph subType="RoundedRectangle" /><prstGeom><roundRect radius="0.05263158" /></prstGeom><textMargin l="-1" t="-1" r="-1" b="-1" /><bounds l="10" t="85" r="426" b="104" /><resize fontNm="" fontSz="0" /><margins l="0" t="0" r="0" b="0" /><parLst /><plain></plain><hLinkLst /></roundRect><line g="04d58e33-b7ce-45d8-8b41-bcf58535c861" verG="c6cc2e8f-74cd-4047-8e0b-425e9f0a5a74" typeName="" id="5" name="Line" state="123143" zOrder="1" editCtx="Normal" initState="" handCur="true" rot="-1" acc="true" autoFit="def" shdw="none" wrap="none" rtl="false" defHorzAlign="l" horzAlign="not" vertAlign="not" textDir="not"><tmProps g="2ae35ef7-bfa6-47f9-8e9e-e113e86d4d16" verG="32cca5ec-6705-4e83-94b5-7b9577dca1fe" cur="0" min="5000" visible="true" hideAll="false" /><tmCtxLst version="2"><txtTmCtx g="5e858b77-76d0-4672-8c61-b5d8392cedc9" verG="8d16aa6e-34c2-4a00-a110-31e9fb3b8bd1" start="0" dur="3000" min="3000" max="0" hasMax="false" alwysShw="false" untilEnd="true" assetStart="0" name="" /></tmCtxLst><animEffect /><childLst /><trigLst /><stateLst /><bG shine="false" penAlign="Center"><gradFill type="lin" style="def" rot="true" angle="90"><centerPt x="0.5" y="0.5" /><fillRect l="0" t="0" r="0" b="0" /><stops><stop g="302d01a2-aac9-4b22-9548-7cee9c910ca0" verG="be4abbff-5420-4208-b04b-47e195156fcd" pos="0"><clr><srgbClr val="FFFFFF" /></clr></stop><stop g="4b68d5e1-14ed-4100-9040-896483fdffd5" verG="6e4eaf7d-2d90-41c9-8a17-31cf6d8e4157" pos="70"><clr><srgbClr val="FFFFFF" /></clr></stop><stop g="da125155-2612-4e0b-b275-e3d003166fe2" verG="67709536-c5bf-4b1d-9193-b608df35910b" pos="100"><clr><schemeClr val="accent5" /></clr></stop></stops></gradFill><solidLine><clr><srgbClr val="FAFAFA" /></clr></solidLine><lineStyle w="1" scale="1" cap="flat" join="rnd" dash="sld" cmpnd="sng"><arrow scale="1"><begin type="none" sz="size5" /><end type="none" sz="size5" /></arrow></lineStyle><shdw sz="100" blur="1" angle="90" dist="1"><preset val="none" mode="offB" /><clr><srgbClr val="C2C2C2" /></clr></shdw><frmt3d material="none" lighting="none" angle="0"><bevel top="none" bottom="none"><topSz w="0" h="0" /><bottomSz w="0" h="0" /></bevel><depth val="0"><clr /></depth><contour sz="0"><clr><srgbClr val="000000" /></clr></contour></frmt3d><rot3d x="0" y="0" z="0" pers="0" flat="false" dist="0" /><reflection type="none" /><glow type="none" spread="0"><clr><schemeClr val="accent1" /></clr></glow><softEdge type="none" spread="0" /><foreClr><schemeClr val="dk1" /></foreClr><innerStroke val="true" w="0"><clr /></innerStroke></bG><sldSz w="720" h="540" /><loc l="160" t="228" r="560" b="228" /><hLink enabled="false" trigG="00000000-0000-0000-0000-000000000000" /><ph type="cstm" subType="Line" /><textMargin l="-1" t="-1" r="-1" b="-1" /><bounds l="10" t="-4" r="390" b="15" /><resize fontNm="" fontSz="0" /><margins l="0" t="0" r="0" b="0" /><parLst /><plain></plain><hLinkLst /></line><btnPh g="bf8d1511-73c5-4a19-9fb7-58f258f569ca" verG="86b4e091-3725-4cf3-8e72-86e79b48e502" typeName="" id="1" name="Button" state="122887" zOrder="2" editCtx="Normal" initState="Normal" handCur="true" rot="-1" acc="true" autoFit="def" shdw="none" wrap="none" rtl="false" defHorzAlign="l" horzAlign="not" vertAlign="not" textDir="not" style="def" defTxtShdw="True"><tmProps g="9a606d04-1943-4d47-a9b5-61579502645a" verG="ccd05d21-2ba6-4deb-8070-c8d857d5be8f" cur="0" min="5000" visible="true" hideAll="false" /><tmCtxLst version="2"><txtTmCtx g="759cbbc6-5265-4df6-a696-696abffbdea3" verG="747c05ce-f870-48fc-a644-05907a1381ab" start="0" dur="3000" min="3000" max="0" hasMax="false" alwysShw="false" untilEnd="true" assetStart="0" name="" /></tmCtxLst><animEffect /><childLst /><trigLst /><stateLst><state g="bc9cc367-7837-48c7-aafb-955f00626f25" verG="e8ad42ce-cc0d-4a71-bbaa-90ec7888c7a7" typeName="" id="0" state="2" showMasterSp="false" name="Normal" role="" resetMode="auto" layoutG="7f817a98-1fec-49af-97a0-9a010cd18ba4" stateG="00000000-0000-0000-0000-000000000000" showPlay="false" clrScheme="def" defG="bf8d1511-73c5-4a19-9fb7-58f258f569ca"><tmProps g="bc53b163-3576-4882-b0ba-b61f85af12ee" verG="6e0792be-d9e2-4c3b-a3c5-a02a5abac71d" cur="0" min="5000" visible="true" hideAll="false" /><tmCtxLst version="1"><tmCtx g="68a48d75-85b8-4b97-9950-bf33bcd8ff36" verG="a38044c2-d355-4aa6-8360-21aa27cabf30" start="0" dur="3000" min="3000" max="0" hasMax="false" alwysShw="false" untilEnd="false" assetStart="0" name="" /></tmCtxLst><sz w="0" h="0" /><trans /><bg><lineStyle w="0" scale="1" cap="def" join="def" dash="cstm" cmpnd="cstm"><arrow scale="1"><begin type="def" sz="def" /><end type="def" sz="def" /></arrow></lineStyle><shdw sz="-3.40282347E+38" blur="-3.40282347E+38" angle="-3.40282347E+38" dist="-3.40282347E+38"><preset val="cstm" mode="cstm" /><clr /></shdw><frmt3d material="none" lighting="none" angle="0"><bevel top="cstm" bottom="none"><topSz w="0" h="0" /><bottomSz w="0" h="0" /></bevel><depth val="0"><clr /></depth><contour sz="0"><clr><srgbClr val="000000" /></clr></contour></frmt3d><rot3d x="0" y="0" z="0" pers="0" flat="false" dist="0" /></bg><shapeLst><btnPh g="bf8d1511-73c5-4a19-9fb7-58f258f569ca" verG="24f6b3f0-0e19-455c-ba89-69d7a462630c" typeName="" id="2" name="Text Box" state="40967" zOrder="0" editCtx="Normal" initState="" handCur="true" rot="-1" acc="true" autoFit="def" shdw="false" wrap="true" rtl="false" defHorzAlign="l" horzAlign="not" vertAlign="not" textDir="not" style="def" defTxtShdw="True"><tmProps g="9a606d04-1943-4d47-a9b5-61579502645a" verG="ccd05d21-2ba6-4deb-8070-c8d857d5be8f" cur="0" min="5000" visible="true" hideAll="false" /><tmCtxLst version="1"><txtTmCtx g="759cbbc6-5265-4df6-a696-696abffbdea3" verG="07d806f5-7ce0-4bdb-9d39-8877f542663e" start="0" dur="3000" min="3000" max="0" hasMax="false" alwysShw="false" untilEnd="false" assetStart="0" name="" /></tmCtxLst><animEffect /><childLst /><trigLst /><stateLst /><bG qsG="ac0f78cd-681e-4e34-bcb5-3d233421c2e1"><solidFill><clr><srgbClr val="DFDFDF" /></clr></solidFill><solidLine><clr><srgbClr val="000000"><alpha val="40000" /></srgbClr></clr></solidLine><lineStyle w="1" scale="1" cap="def" join="def" dash="cstm" cmpnd="cstm"><arrow scale="1"><begin type="def" sz="def" /><end type="def" sz="def" /></arrow></lineStyle><gradOvrlyFill type="lin" style="def" rot="none" angle="3.40282347E+38" blendMode="ovrly" alpha="0.4" scale="1" reverse="none" adjustY="0" overlayFillType="Gradient"><centerPt x="-1" y="-1" /><fillRect l="0" t="0" r="0" b="0" /><stops /></gradOvrlyFill><shdw sz="100" blur="5" angle="90" dist="4"><preset val="offB" mode="offB" /><clr><srgbClr val="000000"><alpha val="30196" /></srgbClr></clr></shdw><frmt3d material="none" lighting="none" angle="0"><bevel top="cstm" bottom="none"><topSz w="0" h="0" /><bottomSz w="0" h="0" /></bevel><depth val="0"><clr /></depth><contour sz="0"><clr><srgbClr val="000000" /></clr></contour></frmt3d><rot3d x="0" y="0" z="0" pers="0" flat="false" dist="0" /><foreClr><srgbClr val="4F4F4F" /></foreClr></bG><sldSz w="720" h="540" /><loc l="0" t="0" r="125" b="30" /><hLink enabled="false" trigG="00000000-0000-0000-0000-000000000000" /><prstGeom><button /></prstGeom><textMargin l="-1" t="-1" r="-1" b="-1" /><bounds l="0" t="0" r="0" b="0" /><resize fontNm="" fontSz="0" /><parLst /><plain></plain><hLinkLst /><pict val="Default" align="def"><clr /></pict><defaults sz="0" style="Bold, Italic, Underline, Strikeout" capType="not" horzAlign="not" vertAlign="not" textDir="not" textShadow="none" zoom="false"><foreClr /></defaults></btnPh></shapeLst><trigLst /><text></text><shapeSz w="0" h="0" /></state><state g="73337bea-142f-4357-8355-d11b597f702d" verG="93fb4522-2ada-4756-8762-5814862ca8a1" typeName="" id="0" state="2" showMasterSp="false" name="Hover" role="" resetMode="auto" layoutG="7f817a98-1fec-49af-97a0-9a010cd18ba4" stateG="00000000-0000-0000-0000-000000000000" showPlay="false" clrScheme="def" defG="bf8d1511-73c5-4a19-9fb7-58f258f569ca"><tmProps g="1692bb1a-0024-4ae3-aaa8-a7e4d79b6260" verG="fd655bd4-5476-4724-85e3-faa833b25448" cur="0" min="5000" visible="true" hideAll="false" /><tmCtxLst version="1"><tmCtx g="56cb714a-dc0f-4f4e-ae49-98de4d9997e4" verG="ef84fb0c-6cd0-42df-8569-ca16892b1f6d" start="0" dur="3000" min="3000" max="0" hasMax="false" alwysShw="false" untilEnd="false" assetStart="0" name="" /></tmCtxLst><sz w="0" h="0" /><trans /><bg><lineStyle w="0" scale="1" cap="def" join="def" dash="cstm" cmpnd="cstm"><arrow scale="1"><begin type="def" sz="def" /><end type="def" sz="def" /></arrow></lineStyle><gradOvrlyFill type="def" style="def" rot="none" angle="3.40282347E+38" blendMode="def" alpha="-1" scale="-1" reverse="none" adjustY="-2147483648" overlayFillType="Default"><centerPt x="-1" y="-1" /><fillRect l="0" t="0" r="0" b="0" /><stops /></gradOvrlyFill><shdw sz="-3.40282347E+38" blur="-3.40282347E+38" angle="-3.40282347E+38" dist="-3.40282347E+38"><preset val="cstm" mode="cstm" /><clr /></shdw><frmt3d material="none" lighting="none" angle="0"><bevel top="cstm" bottom="none"><topSz w="0" h="0" /><bottomSz w="0" h="0" /></bevel><depth val="0"><clr /></depth><contour sz="0"><clr><srgbClr val="000000" /></clr></contour></frmt3d><rot3d x="0" y="0" z="0" pers="0" flat="false" dist="0" /></bg><shapeLst><btnPh g="bf8d1511-73c5-4a19-9fb7-58f258f569ca" verG="b29ce1ef-f92d-41c6-9624-14a296a5dfb2" typeName="" id="3" name="Text Box" state="32775" zOrder="0" editCtx="Normal" initState="" handCur="true" rot="-1" acc="true" autoFit="def" shdw="none" wrap="none" rtl="false" defHorzAlign="l" horzAlign="not" vertAlign="not" textDir="not" style="def" defTxtShdw="True"><tmProps g="9a606d04-1943-4d47-a9b5-61579502645a" verG="ccd05d21-2ba6-4deb-8070-c8d857d5be8f" cur="0" min="5000" visible="true" hideAll="false" /><tmCtxLst version="1"><txtTmCtx g="759cbbc6-5265-4df6-a696-696abffbdea3" verG="07d806f5-7ce0-4bdb-9d39-8877f542663e" start="0" dur="3000" min="3000" max="0" hasMax="false" alwysShw="false" untilEnd="false" assetStart="0" name="" /></tmCtxLst><animEffect /><childLst /><trigLst /><stateLst /><bG><solidLine><clr><srgbClr val="000000"><alpha val="54901" /></srgbClr></clr></solidLine><lineStyle w="0" scale="1" cap="def" join="def" dash="cstm" cmpnd="cstm"><arrow scale="1"><begin type="def" sz="def" /><end type="def" sz="def" /></arrow></lineStyle><gradOvrlyFill type="def" style="def" rot="none" angle="3.40282347E+38" blendMode="def" alpha="0.55" scale="-1" reverse="none" adjustY="-2147483648" overlayFillType="Default"><centerPt x="-1" y="-1" /><fillRect l="0" t="0" r="0" b="0" /><stops /></gradOvrlyFill><shdw sz="-3.40282347E+38" blur="-3.40282347E+38" angle="-3.40282347E+38" dist="-3.40282347E+38"><preset val="cstm" mode="cstm" /><clr /></shdw><frmt3d material="none" lighting="none" angle="0"><bevel top="cstm" bottom="cstm"><topSz w="0" h="0" /><bottomSz w="0" h="0" /></bevel><depth val="0"><clr /></depth><contour sz="0"><clr><srgbClr val="000000" /></clr></contour></frmt3d><rot3d x="0" y="0" z="0" pers="0" flat="false" dist="0" /></bG><sldSz w="720" h="540" /><loc l="0" t="0" r="150" b="40" /><hLink enabled="false" trigG="00000000-0000-0000-0000-000000000000" /><prstGeom><button /></prstGeom><textMargin l="-1" t="-1" r="-1" b="-1" /><bounds l="0" t="0" r="0" b="0" /><resize fontNm="" fontSz="0" /><parLst /><plain></plain><hLinkLst /><pict val="Default" align="def"><clr /></pict><defaults sz="0" style="Bold, Italic, Underline, Strikeout" capType="not" horzAlign="not" vertAlign="not" textDir="not" textShadow="none" zoom="false"><foreClr /></defaults></btnPh></shapeLst><trigLst /><text></text><shapeSz w="0" h="0" /></state><state g="7deea0d6-2e09-49b3-bbe9-49c779d9ec85" verG="8c1b49b5-5f22-4696-ac52-41e4d2dc56fa" typeName="" id="0" state="2" showMasterSp="false" name="Down" role="" resetMode="auto" layoutG="7f817a98-1fec-49af-97a0-9a010cd18ba4" stateG="00000000-0000-0000-0000-000000000000" showPlay="false" clrScheme="def" defG="bf8d1511-73c5-4a19-9fb7-58f258f569ca"><tmProps g="9b18de7a-4c30-4718-9c69-1a21fc706955" verG="66028086-e993-4a6a-b45a-4554fe9c347e" cur="0" min="5000" visible="true" hideAll="false" /><tmCtxLst version="1"><tmCtx g="f425f32c-6870-4e55-b0d7-2ef55dae3a30" verG="81e482ce-4dcc-4b0d-86bf-ae9bd6095ca6" start="0" dur="3000" min="3000" max="0" hasMax="false" alwysShw="false" untilEnd="false" assetStart="0" name="" /></tmCtxLst><sz w="0" h="0" /><trans /><bg><lineStyle w="0" scale="1" cap="def" join="def" dash="cstm" cmpnd="cstm"><arrow scale="1"><begin type="def" sz="def" /><end type="def" sz="def" /></arrow></lineStyle><gradOvrlyFill type="def" style="def" rot="none" angle="3.40282347E+38" blendMode="def" alpha="-1" scale="-1" reverse="none" adjustY="-2147483648" overlayFillType="Default"><centerPt x="-1" y="-1" /><fillRect l="0" t="0" r="0" b="0" /><stops /></gradOvrlyFill><shdw sz="-3.40282347E+38" blur="-3.40282347E+38" angle="-3.40282347E+38" dist="-3.40282347E+38"><preset val="cstm" mode="cstm" /><clr /></shdw><frmt3d material="none" lighting="none" angle="0"><bevel top="cstm" bottom="none"><topSz w="0" h="0" /><bottomSz w="0" h="0" /></bevel><depth val="0"><clr /></depth><contour sz="0"><clr><srgbClr val="000000" /></clr></contour></frmt3d><rot3d x="0" y="0" z="0" pers="0" flat="false" dist="0" /></bg><shapeLst><btnPh g="bf8d1511-73c5-4a19-9fb7-58f258f569ca" verG="22d9942e-9c67-4272-9154-95feb26fca2e" typeName="" id="3" name="Text Box" state="32775" zOrder="0" editCtx="Normal" initState="" handCur="true" rot="-1" acc="true" autoFit="def" shdw="none" wrap="none" rtl="false" defHorzAlign="l" horzAlign="not" vertAlign="not" textDir="not" style="def" defTxtShdw="True"><tmProps g="9a606d04-1943-4d47-a9b5-61579502645a" verG="ccd05d21-2ba6-4deb-8070-c8d857d5be8f" cur="0" min="5000" visible="true" hideAll="false" /><tmCtxLst version="1"><txtTmCtx g="759cbbc6-5265-4df6-a696-696abffbdea3" verG="07d806f5-7ce0-4bdb-9d39-8877f542663e" start="0" dur="3000" min="3000" max="0" hasMax="false" alwysShw="false" untilEnd="false" assetStart="0" name="" /></tmCtxLst><animEffect /><childLst /><trigLst /><stateLst /><bG><lineStyle w="0" scale="1" cap="def" join="def" dash="cstm" cmpnd="cstm"><arrow scale="1"><begin type="def" sz="def" /><end type="def" sz="def" /></arrow></lineStyle><gradOvrlyFill type="def" style="def" rot="none" angle="3.40282347E+38" blendMode="def" alpha="0.25" scale="-1" reverse="true" adjustY="-2147483648" overlayFillType="Default"><centerPt x="-1" y="-1" /><fillRect l="0" t="0" r="0" b="0" /><stops /></gradOvrlyFill><shdw sz="-3.40282347E+38" blur="-3.40282347E+38" angle="-3.40282347E+38" dist="-3.40282347E+38"><preset val="cstm" mode="cstm" /><clr /></shdw><frmt3d material="none" lighting="none" angle="0"><bevel top="cstm" bottom="cstm"><topSz w="0" h="0" /><bottomSz w="0" h="0" /></bevel><depth val="0"><clr /></depth><contour sz="0"><clr><srgbClr val="000000" /></clr></contour></frmt3d><rot3d x="0" y="0" z="0" pers="0" flat="false" dist="0" /><innerStroke val="true" w="3"><clr><srgbClr val="000000"><alpha val="40000" /></srgbClr></clr></innerStroke></bG><sldSz w="720" h="540" /><loc l="0" t="0" r="150" b="40" /><hLink enabled="false" trigG="00000000-0000-0000-0000-000000000000" /><prstGeom><button /></prstGeom><textMargin l="-1" t="-1" r="-1" b="-1" /><bounds l="0" t="0" r="0" b="0" /><resize fontNm="" fontSz="0" /><parLst /><plain></plain><hLinkLst /><pict val="Default" align="def"><clr /></pict><defaults sz="0" style="Bold, Italic, Underline, Strikeout" capType="not" horzAlign="not" vertAlign="not" textDir="not" textShadow="none" zoom="false"><foreClr /></defaults></btnPh></shapeLst><trigLst /><text></text><shapeSz w="0" h="0" /></state><state g="10bfe390-3a84-4824-b9f2-fd88f66406d1" verG="081cdf43-47d0-43be-ad78-53a6576715a9" typeName="" id="0" state="2" showMasterSp="false" name="Visited" role="" resetMode="auto" layoutG="7f817a98-1fec-49af-97a0-9a010cd18ba4" stateG="00000000-0000-0000-0000-000000000000" showPlay="false" clrScheme="def" defG="bf8d1511-73c5-4a19-9fb7-58f258f569ca"><tmProps g="515a0620-c727-40f9-8d8f-faaad74b804c" verG="bb1a3ea4-f5cf-49bd-90ce-38ed859de035" cur="0" min="5000" visible="true" hideAll="false" /><tmCtxLst version="1"><tmCtx g="d4e849d6-2358-4406-85a9-22c88755a6d0" verG="c79365b1-a65b-4cc8-8a8e-95b88903c553" start="0" dur="3000" min="3000" max="0" hasMax="false" alwysShw="false" untilEnd="false" assetStart="0" name="" /></tmCtxLst><sz w="0" h="0" /><trans /><bg><lineStyle w="0" scale="1" cap="def" join="def" dash="cstm" cmpnd="cstm"><arrow scale="1"><begin type="def" sz="def" /><end type="def" sz="def" /></arrow></lineStyle><gradOvrlyFill type="def" style="def" rot="none" angle="3.40282347E+38" blendMode="def" alpha="-1" scale="-1" reverse="none" adjustY="-2147483648" overlayFillType="Default"><centerPt x="-1" y="-1" /><fillRect l="0" t="0" r="0" b="0" /><stops /></gradOvrlyFill><shdw sz="-3.40282347E+38" blur="-3.40282347E+38" angle="-3.40282347E+38" dist="-3.40282347E+38"><preset val="cstm" mode="cstm" /><clr /></shdw><frmt3d material="none" lighting="none" angle="0"><bevel top="cstm" bottom="none"><topSz w="0" h="0" /><bottomSz w="0" h="0" /></bevel><depth val="0"><clr /></depth><contour sz="0"><clr><srgbClr val="000000" /></clr></contour></frmt3d><rot3d x="0" y="0" z="0" pers="0" flat="false" dist="0" /></bg><shapeLst><btnPh g="bf8d1511-73c5-4a19-9fb7-58f258f569ca" verG="8c3e3fd7-9bcf-4d52-aa6b-fce28c7a8b5d" typeName="" id="3" name="Text Box" state="32775" zOrder="0" editCtx="Normal" initState="" handCur="true" rot="-1" acc="true" autoFit="def" shdw="none" wrap="none" rtl="false" defHorzAlign="l" horzAlign="not" vertAlign="not" textDir="not" style="def" defTxtShdw="True"><tmProps g="9a606d04-1943-4d47-a9b5-61579502645a" verG="ccd05d21-2ba6-4deb-8070-c8d857d5be8f" cur="0" min="5000" visible="true" hideAll="false" /><tmCtxLst version="1"><txtTmCtx g="759cbbc6-5265-4df6-a696-696abffbdea3" verG="07d806f5-7ce0-4bdb-9d39-8877f542663e" start="0" dur="3000" min="3000" max="0" hasMax="false" alwysShw="false" untilEnd="false" assetStart="0" name="" /></tmCtxLst><animEffect /><childLst /><trigLst /><stateLst /><bG><lineStyle w="0" scale="1" cap="def" join="def" dash="cstm" cmpnd="cstm"><arrow scale="1"><begin type="def" sz="def" /><end type="def" sz="def" /></arrow></lineStyle><gradOvrlyFill type="def" style="def" rot="none" angle="3.40282347E+38" blendMode="def" alpha="-1" scale="-1" reverse="none" adjustY="-2147483648" overlayFillType="Default"><centerPt x="-1" y="-1" /><fillRect l="0" t="0" r="0" b="0" /><stops /></gradOvrlyFill><shdw sz="-3.40282347E+38" blur="-3.40282347E+38" angle="-3.40282347E+38" dist="-3.40282347E+38"><preset val="cstm" mode="cstm" /><clr /></shdw><frmt3d material="none" lighting="none" angle="0"><bevel top="cstm" bottom="cstm"><topSz w="0" h="0" /><bottomSz w="0" h="0" /></bevel><depth val="0"><clr /></depth><contour sz="0"><clr><srgbClr val="000000" /></clr></contour></frmt3d><rot3d x="0" y="0" z="0" pers="0" flat="false" dist="0" /></bG><sldSz w="720" h="540" /><loc l="0" t="0" r="150" b="40" /><hLink enabled="false" trigG="00000000-0000-0000-0000-000000000000" /><prstGeom><button /></prstGeom><textMargin l="-1" t="-1" r="-1" b="-1" /><bounds l="0" t="0" r="0" b="0" /><resize fontNm="" fontSz="0" /><parLst /><plain></plain><hLinkLst /><pict val="Default" align="def"><clr /></pict><defaults sz="0" style="Bold, Italic, Underline, Strikeout" capType="not" horzAlign="not" vertAlign="not" textDir="not" textShadow="none" zoom="false"><foreClr /></defaults></btnPh></shapeLst><trigLst /><text></text><shapeSz w="0" h="0" /></state><state g="a41cc7d1-0274-4cc3-9fb2-4a6604ad0a74" verG="8445a5c6-bf05-4e67-9898-f0fa5428802f" typeName="" id="0" state="2" showMasterSp="false" name="Disabled" role="" resetMode="auto" layoutG="7f817a98-1fec-49af-97a0-9a010cd18ba4" stateG="00000000-0000-0000-0000-000000000000" showPlay="false" clrScheme="def" defG="bf8d1511-73c5-4a19-9fb7-58f258f569ca"><tmProps g="6081dd63-f4d4-49b3-afb7-544a3c3ebce2" verG="8ea4c186-0f68-4f65-93cb-863dc4e1e14f" cur="0" min="5000" visible="true" hideAll="false" /><tmCtxLst version="1"><tmCtx g="a4e434ed-201e-494c-bb89-867e005a3904" verG="8d335156-8963-41ff-80f4-10a8630ac749" start="0" dur="3000" min="3000" max="0" hasMax="false" alwysShw="false" untilEnd="false" assetStart="0" name="" /></tmCtxLst><sz w="0" h="0" /><trans /><bg><lineStyle w="0" scale="1" cap="def" join="def" dash="cstm" cmpnd="cstm"><arrow scale="1"><begin type="def" sz="def" /><end type="def" sz="def" /></arrow></lineStyle><gradOvrlyFill type="def" style="def" rot="none" angle="3.40282347E+38" blendMode="def" alpha="-1" scale="-1" reverse="none" adjustY="-2147483648" overlayFillType="Default"><centerPt x="-1" y="-1" /><fillRect l="0" t="0" r="0" b="0" /><stops /></gradOvrlyFill><shdw sz="-3.40282347E+38" blur="-3.40282347E+38" angle="-3.40282347E+38" dist="-3.40282347E+38"><preset val="cstm" mode="cstm" /><clr /></shdw><frmt3d material="none" lighting="none" angle="0"><bevel top="cstm" bottom="none"><topSz w="0" h="0" /><bottomSz w="0" h="0" /></bevel><depth val="0"><clr /></depth><contour sz="0"><clr><srgbClr val="000000" /></clr></contour></frmt3d><rot3d x="0" y="0" z="0" pers="0" flat="false" dist="0" /></bg><shapeLst><btnPh g="bf8d1511-73c5-4a19-9fb7-58f258f569ca" verG="75295fd7-3512-4a8a-8967-9b239bbeb38c" typeName="" id="3" name="Text Box" state="32775" zOrder="0" editCtx="Normal" initState="" handCur="true" rot="-1" acc="true" opac="50" autoFit="def" shdw="none" wrap="none" rtl="false" defHorzAlign="l" horzAlign="not" vertAlign="not" textDir="not" style="def" defTxtShdw="True"><tmProps g="9a606d04-1943-4d47-a9b5-61579502645a" verG="ccd05d21-2ba6-4deb-8070-c8d857d5be8f" cur="0" min="5000" visible="true" hideAll="false" /><tmCtxLst version="1"><txtTmCtx g="759cbbc6-5265-4df6-a696-696abffbdea3" verG="07d806f5-7ce0-4bdb-9d39-8877f542663e" start="0" dur="3000" min="3000" max="0" hasMax="false" alwysShw="false" untilEnd="false" assetStart="0" name="" /></tmCtxLst><animEffect /><childLst /><trigLst /><stateLst /><bG><lineStyle w="0" scale="1" cap="def" join="def" dash="cstm" cmpnd="cstm"><arrow scale="1"><begin type="def" sz="def" /><end type="def" sz="def" /></arrow></lineStyle><gradOvrlyFill type="def" style="def" rot="none" angle="3.40282347E+38" blendMode="def" alpha="0.4" scale="-1" reverse="none" adjustY="-2147483648" overlayFillType="Default"><centerPt x="-1" y="-1" /><fillRect l="0" t="0" r="0" b="0" /><stops /></gradOvrlyFill><shdw sz="-3.40282347E+38" blur="-3.40282347E+38" angle="-3.40282347E+38" dist="-3.40282347E+38"><preset val="cstm" mode="cstm" /><clr /></shdw><frmt3d material="none" lighting="none" angle="0"><bevel top="cstm" bottom="cstm"><topSz w="0" h="0" /><bottomSz w="0" h="0" /></bevel><depth val="0"><clr /></depth><contour sz="0"><clr><srgbClr val="000000" /></clr></contour></frmt3d><rot3d x="0" y="0" z="0" pers="0" flat="false" dist="0" /></bG><sldSz w="720" h="540" /><loc l="0" t="0" r="150" b="40" /><hLink enabled="false" trigG="00000000-0000-0000-0000-000000000000" /><prstGeom><button /></prstGeom><textMargin l="-1" t="-1" r="-1" b="-1" /><bounds l="0" t="0" r="0" b="0" /><resize fontNm="" fontSz="0" /><parLst /><plain></plain><hLinkLst /><pict val="Default" align="def"><clr /></pict><defaults sz="0" style="Bold, Italic, Underline, Strikeout" capType="not" horzAlign="not" vertAlign="not" textDir="not" textShadow="none" zoom="false"><foreClr /></defaults></btnPh></shapeLst><trigLst /><text></text><shapeSz w="0" h="0" /></state></stateLst><bG><lineStyle w="0" scale="1" cap="def" join="def" dash="cstm" cmpnd="cstm"><arrow scale="1"><begin type="def" sz="def" /><end type="def" sz="def" /></arrow></lineStyle><shdw sz="-3.40282347E+38" blur="-3.40282347E+38" angle="-3.40282347E+38" dist="-3.40282347E+38"><preset val="cstm" mode="cstm" /><clr /></shdw><frmt3d material="none" lighting="none" angle="0"><bevel top="cstm" bottom="none"><topSz w="0" h="0" /><bottomSz w="0" h="0" /></bevel><depth val="0"><clr /></depth><contour sz="0"><clr><srgbClr val="000000" /></clr></contour></frmt3d><rot3d x="0" y="0" z="0" pers="0" flat="false" dist="0" /></bG><sldSz w="720" h="540" /><loc l="298" t="323" r="423" b="353" /><hLink enabled="false" trigG="00000000-0000-0000-0000-000000000000" /><ph type="cstm" subType="Button" /><prstGeom><button /></prstGeom><textMargin l="-1" t="-1" r="-1" b="-1" /><bounds l="0" t="0" r="0" b="0" /><resize fontNm="" fontSz="0" /><parLst /><plain></plain><hLinkLst /><pict val="Default" align="def"><clr /></pict><defaults sz="0" style="Bold, Italic, Underline, Strikeout" capType="not" horzAlign="not" vertAlign="not" textDir="not" textShadow="none" zoom="false"><foreClr><srgbClr val="4F4F4F" /></foreClr></defaults></btnPh><ph g="aa38d951-76f5-45c8-b73c-d3c3dba505d5" verG="1a00c5df-3e9b-41da-83ae-d7b912212104" typeName="" id="1" state="58119" zOrder="3" editCtx="Normal" initState="" handCur="true" rot="0" acc="true" opac="100" autoFit="def" shdw="none" wrap="none" rtl="false" defHorzAlign="l" horzAlign="not" vertAlign="m" textDir="not"><tmProps g="88634b2e-805b-4d13-85f7-3c6f7e43f141" verG="b0007bac-ad0a-40fd-a9e3-bef7ad0fad1a" cur="0" min="5000" visible="true" hideAll="false"><markers nextId="0" /></tmProps><tmCtxLst version="0"><txtTmCtx g="bae42cb4-d8f1-4640-a143-4070c93b57b2" verG="83335cf4-3f73-48ac-897a-25f5de7c9d3a" start="0" dur="5000" min="250" max="0" hasMax="false" alwysShw="false" untilEnd="true" assetStart="0" name="" /></tmCtxLst><animEffect /><childLst /><trigLst /><stateLst /><bG><lineStyle w="0" scale="1" cap="def" join="def" dash="cstm" cmpnd="cstm"><arrow scale="1"><begin type="def" sz="def" /><end type="def" sz="def" /></arrow></lineStyle><shdw sz="100" blur="5" angle="90" dist="5"><preset val="noShdw" mode="noShdw" /><clr><srgbClr val="000000"><alpha val="43137" /></srgbClr></clr></shdw><frmt3d material="none" lighting="none" angle="0"><bevel top="cstm" bottom="none"><topSz w="0" h="0" /><bottomSz w="0" h="0" /></bevel><depth val="0"><clr /></depth><contour sz="0"><clr><srgbClr val="000000" /></clr></contour></frmt3d><rot3d x="0" y="0" z="0" pers="0" flat="false" dist="0" /><foreClr><srgbClr val="454545" /></foreClr></bG><sldSz w="720" h="540" /><loc l="160" t="187" r="560" b="225" /><hLink enabled="false" trigG="00000000-0000-0000-0000-000000000000" /><text>{\rtf1\ansi\ansicpg1252\deff0\deflang1033{\fonttbl{\f0\fnil\fcharset0 &lt;!fontname&gt;;}}
{\colortbl ;\red&lt;!red&gt;\green&lt;!green&gt;\blue&lt;!blue&gt;;}
\viewkind4\uc1\pard&lt;!palign&gt;\cf1\b\f0\fs&lt;!fontsize&gt; Click to edit Feedback title style\b0\par
}
</text><ph type="title" /><textMargin l="-1" t="-1" r="-1" b="-1" /><bounds l="10" t="7" r="390" b="30" /><resize fontNm="Calibri" fontSz="44" /><margins l="0" t="0" r="0" b="0" /><parLst /><plain>Click to edit Feedback title style</plain><hLinkLst /><defaults font="" sz="14" style="Bold" capType="not" horzAlign="not" vertAlign="m" textDir="not" textShadow="none" zoom="false"><foreClr><srgbClr val="454545" /></foreClr></defaults></ph><ph g="02dcfa8d-2bff-4442-8198-994328812e20" verG="616f581e-9010-49cf-b101-eabc48e75e5a" typeName="" id="2" state="58119" zOrder="4" editCtx="Normal" initState="" handCur="true" rot="0" acc="true" opac="100" autoFit="def" shdw="none" wrap="none" rtl="false" defHorzAlign="l" horzAlign="not" vertAlign="not" textDir="not"><tmProps g="537ffb76-7f2e-4d5b-8c15-2f36298d5074" verG="c1b0f2cf-2537-4910-864f-7282221560c8" cur="0" min="5000" visible="true" hideAll="false"><markers nextId="0" /></tmProps><tmCtxLst version="0"><txtTmCtx g="2697caa8-71d8-4b62-b3fb-f394e44b170f" verG="27f98fce-fb0a-4560-9e1e-8fb28f40d6f8" start="0" dur="5000" min="250" max="0" hasMax="false" alwysShw="false" untilEnd="true" assetStart="0" name="" /></tmCtxLst><animEffect /><childLst /><trigLst /><stateLst /><bG><lineStyle w="0" scale="1" cap="def" join="def" dash="cstm" cmpnd="cstm"><arrow scale="1"><begin type="def" sz="def" /><end type="def" sz="def" /></arrow></lineStyle><shdw sz="100" blur="5" angle="90" dist="5"><preset val="noShdw" mode="noShdw" /><clr><srgbClr val="000000"><alpha val="43137" /></srgbClr></clr></shdw><frmt3d material="none" lighting="none" angle="0"><bevel top="cstm" bottom="none"><topSz w="0" h="0" /><bottomSz w="0" h="0" /></bevel><depth val="0"><clr /></depth><contour sz="0"><clr><srgbClr val="000000" /></clr></contour></frmt3d><rot3d x="0" y="0" z="0" pers="0" flat="false" dist="0" /><foreClr><srgbClr val="454545" /></foreClr></bG><sldSz w="720" h="540" /><loc l="160" t="234" r="560" b="311" /><hLink enabled="false" trigG="00000000-0000-0000-0000-000000000000" /><text>{\rtf1\ansi\ansicpg1252\deff0\deflang1033{\fonttbl{\f0\fnil\fcharset0 &lt;!fontname&gt;;}}
{\colortbl ;\red&lt;!red&gt;\green&lt;!green&gt;\blue&lt;!blue&gt;;}
\viewkind4\uc1\pard&lt;!palign&gt;\cf1\f0\fs&lt;!fontsize&gt; Click to edit Feedback text styles\par
}
</text><ph type="body" /><textMargin l="-1" t="-1" r="-1" b="-1" /><bounds l="10" t="5" r="390" b="24" /><resize fontNm="Calibri" fontSz="32" /><margins l="0" t="0" r="0" b="0" /><parLst /><plain>Click to edit Feedback text styles</plain><hLinkLst /><defaults font="" sz="12" style="Bold, Italic, Underline, Strikeout" capType="not" horzAlign="not" vertAlign="not" textDir="not" textShadow="none" zoom="false"><foreClr><srgbClr val="454545" /></foreClr></defaults></ph></shapeLst><trigLst /><clrLst name="clrLst"><dk1><srgbClr val="000000" /></dk1><lt1><srgbClr val="FFFFFF" /></lt1><dk2><srgbClr val="1F497D" /></dk2><lt2><srgbClr val="EEECE1" /></lt2><accent1><srgbClr val="4F81BD" /></accent1><accent2><srgbClr val="C0504D" /></accent2><accent3><srgbClr val="9BBB59" /></accent3><accent4><srgbClr val="8064A2" /></accent4><accent5><srgbClr val="4BACC6" /></accent5><accent6><srgbClr val="F79646" /></accent6><hlink><srgbClr val="0000FF" /></hlink><folHlink><srgbClr val="800080" /></folHlink><control1><srgbClr val="0DDAEF" /></control1><custom1><srgbClr val="1888E7" /></custom1><custom2><srgbClr val="00DEF1" /></custom2></clrLst><note></note><szCalc mode="scale" fillA="tl" v="1"><cropRect l="0" t="0" r="0" b="0" /><currSz w="0" h="0" /><lastSz w="0" h="0" /></szCalc><fonts name="Open Sans" major="Open Sans" minor="Open Sans" /><layoutIdLst><sldId>R5oDUAEsAb6c</sldId><sldId>R66eBwGzoc2g</sldId><sldId>R5V5m6SOUQPF</sldId><sldId>R5W0DBJBguVJ</sldId><sldId>R6qjVE8WJVr3</sldId><sldId>R6oWfNHdqQhk</sldId></layoutIdLst></master>