﻿<?xml version="1.0" encoding="utf-8" standalone="yes"?>
<story id="0424912b-dad0-44c9-82dc-c3e768e21df7" pG="633fc75d-acbf-41d5-8f20-9b8c7aa94d93" defRadStyle="style1" defChkStyle="style1">
	<varLst />
	<mediaLst>
		<mediaLst />
	</mediaLst>
	<sceneLst />
	<toc g="6a6f106b-86b9-497d-8322-f651f104dd53" verG="7dccbad9-9637-468f-a26c-659c96d035de" projectId="0424912b-dad0-44c9-82dc-c3e768e21df7">
		<deleted />
	</toc>
	<propLst>
		<prop id="15">
			<sz w="720" h="540" />
		</prop>
		<prop id="18">vrun4j4</prop>
		<prop id="23"/>
		<prop id="24">1.0.0.0</prop>
	</propLst>
	<curCtx g="2a12ef84-1ab0-45d2-84b5-396c7420a265" verG="772b2220-5fa7-459f-9c40-39647bf10a8c">
		<curLst />
	</curCtx>
	<recLst selRecId="00000000-0000-0000-0000-000000000000" />
	<quizMgr g="096c2615-0ff6-4b18-8e5b-11f897ee8566" verG="36f9afbb-5b24-45b7-b8ce-bced72d44d4e" lmsResultSlideG="00000000-0000-0000-0000-000000000000" trackMode="def" numView="-1" type="graded" showResult="true" finishAction="closeWnd" finishUrl="http://">
		<bankLst>
			<scene g="6651b74e-5039-48aa-bdc3-9f63cf4c624c" verG="57621837-dbac-4b0f-bf0a-7b6caba83a3d" name="" desc="Default Question Bank" primaryId="00000000-0000-0000-0000-000000000000" sceneType="scene" collapse="false" drawG="00000000-0000-0000-0000-000000000000">
				<sldIdLst />
				<bankProps g="a52badfb-e64c-4fc2-9d8d-f40641236896" verG="6ef09259-a3ec-4ba9-a15b-b07154042ca4" rand="false" include="-1" />
			</scene>
		</bankLst>
		<quizLst />
	</quizMgr>
</story>