﻿<?xml version="1.0" encoding="utf-8"?><player xmlns:xsi="http://www.w3.org/2001/XMLSchema-instance" xmlns:xsd="http://www.w3.org/2001/XMLSchema" product="sl" inheritedfrom="Default Player" guid="31ee92c5-e2db-4f28-9f3b-cc6d39ca8867" name="Storyline Player" framename="StoryFrame" soundeffects="false" fontname="Open Sans" fontscale="100" modified="false" version="3"><TimerFormat /><righttoleft>false</righttoleft><control_options><valuetypes /><optiongroups><optiongroup name="sidebaroptions"><options><option name="title_enabled" value="true"><options><option name="title_text"><options /><properties /></option></options><properties /></option><option name="logo_enabled" value="false"><options><option name="logo_url"><options /><properties /></option></options><properties /></option><option name="sidebar_enabled" value="true"><options><option name="sidebarpos" value="left"><options /><properties /></option></options><properties /></option><optionlist name="tabs"><listitems><listitem name="outline" index="0" value="true" group="sidebar" /><listitem name="glossary" index="1" value="false" group="sidebar" /><listitem name="transcript" index="2" value="false" group="sidebar" /><listitem name="resources" index="0" value="true" group="linkright" /></listitems></optionlist><option name="time_enabled" type="boolean" description="Display Timer" default="true" value="true"><options><option name="time_format" type="time_format" description="Time Format" default="" value=""><options /><properties /></option></options><properties /></option><option name="video_enabled" type="boolean" description="Video" default="false" value="false"><options><option name="height" type="integer" value="135" /></options></option></options></optiongroup><optiongroup name="menuoptions"><options><option name="flow" value="free"><options /><properties /></option><option name="wraplistitems" value="false"><options /><properties /></option><option name="tooltips" value="true"><options /><properties /></option><option name="autocollapse" value="true"><options /><properties /></option><option name="autonumber" value="false"><options /><properties /></option><option name="enableresultsicons" value="true"><options /><properties /></option></options></optiongroup><optiongroup name="controls"><options><option name="volume" value="true"><options /><properties /></option><option name="seekbar" value="false"><options /><properties /></option><option name="search" value="false"><options /><properties /></option></options></optiongroup><optiongroup name="bottombaroptions"><options><option name="bottombar_enabled" default="true" value="true"><options /><properties /></option></options></optiongroup></optiongroups></control_options><IsUserDefinedTitle>false</IsUserDefinedTitle><ShowPresenter>false</ShowPresenter><searchboxinmenutab>false</searchboxinmenutab><showvolumecontrol>true</showvolumecontrol><showseekbar>false</showseekbar><MenuFlow>free</MenuFlow><EnableResultsIcons>true</EnableResultsIcons><colorscheme name="Default"><frame_colors><color_group name="infopanel"><group_colors><color name="link_text"><fill type="linear" rotation="90"><colors><color rgb="0x7c2280" alpha="100" stop="0" /></colors></fill></color><color name="link_hover"><fill type="linear" rotation="90"><colors><color rgb="0x0000EE" alpha="100" stop="0" /></colors></fill></color><color name="bg"><fill type="linear" rotation="90"><colors><color rgb="0xFFFFFF" alpha="100" stop="0" /></colors></fill></color><color name="shadow"><fill type="linear" rotation="90"><colors><color rgb="0xB8B8B8" alpha="100" stop="0" /></colors></fill></color><color name="name_text"><fill type="linear" rotation="90"><colors><color rgb="0x444444" alpha="100" stop="0" /></colors></fill></color><color name="title_text"><fill type="linear" rotation="90"><colors><color rgb="0x999999" alpha="100" stop="0" /></colors></fill></color></group_colors></color_group><color_group name="infopanelpopup"><group_colors><color name="link_text"><fill type="linear" rotation="90"><colors><color rgb="0x7c2280" alpha="100" stop="0" /></colors></fill></color><color name="link_hover"><fill type="linear" rotation="90"><colors><color rgb="0x0000EE" alpha="100" stop="0" /></colors></fill></color><color name="bg"><fill type="linear" rotation="90"><colors><color rgb="0xE9E9E9" alpha="100" stop="0" /><color rgb="0xCFCFCF" alpha="100" stop="255" /></colors></fill></color><color name="shadow"><fill type="linear" rotation="90"><colors><color rgb="0xB8B8B8" alpha="100" stop="0" /></colors></fill></color><color name="name_text"><fill type="linear" rotation="90"><colors><color rgb="0x444444" alpha="100" stop="0" /></colors></fill></color><color name="bio_text"><fill type="linear" rotation="90"><colors><color rgb="0x999999" alpha="100" stop="0" /></colors></fill></color></group_colors></color_group><color_group name="timer"><group_colors><color name="duration"><fill type="linear" rotation="90"><colors><color rgb="0x00D7FF" alpha="100" stop="0" /><color rgb="0x00ABFF" alpha="100" stop="255" /></colors></fill></color><color name="elapsed"><fill type="linear" rotation="90"><colors><color rgb="0xFEE347" alpha="100" stop="0" /><color rgb="0xFCCC2A" alpha="100" stop="255" /></colors></fill></color><color name="stroke"><fill type="linear" rotation="90"><colors><color rgb="0xC7C7C7" alpha="100" stop="0" /></colors></fill></color><color name="inner"><fill type="linear" rotation="90"><colors><color rgb="0xFFFFFF" alpha="100" stop="0" /></colors></fill></color><color name="text"><fill type="linear" rotation="90"><colors><color rgb="0x555555" alpha="100" stop="0" /></colors></fill></color></group_colors></color_group><color_group name="window"><group_colors><color name="text"><fill type="linear" rotation="90"><colors><color rgb="0x555555" alpha="100" stop="0" /></colors></fill></color><color name="inner"><fill type="linear" rotation="90"><colors><color rgb="0xEAEAEA" alpha="100" stop="0" /><color rgb="0xCFCFCF" alpha="100" stop="255" /></colors></fill></color><color name="bg"><fill type="linear" rotation="90"><colors><color rgb="0xF3F3F3" alpha="100" stop="0" /></colors></fill></color><color name="diva"><fill type="linear" rotation="90"><colors><color rgb="0xf7f7f7" alpha="100" stop="0" /></colors></fill></color><color name="divb"><fill type="linear" rotation="90"><colors><color rgb="0xd3d3d3" alpha="100" stop="0" /></colors></fill></color><color name="shadow"><fill type="linear" rotation="90"><colors><color rgb="0x000000" alpha="20" stop="0" /></colors></fill></color></group_colors></color_group><color_group name="editor"><group_colors><color name="slide_text"><fill type="linear" rotation="90"><colors><color rgb="0x555555" alpha="100" stop="0" /></colors></fill></color><color name="html_text"><fill type="linear" rotation="90"><colors><color rgb="0x444444" alpha="100" stop="0" /></colors></fill></color><color name="btn_bg"><fill type="linear" rotation="90"><colors><color rgb="0xF5F5F5" alpha="100" stop="0" /><color rgb="0xC7C7C7" alpha="100" stop="255" /></colors></fill></color><color name="btn_hover"><fill type="linear" rotation="90"><colors><color rgb="0xf2f2f2" alpha="100" stop="0" /><color rgb="0xafafaf" alpha="100" stop="255" /></colors></fill></color><color name="btn_down"><fill type="linear" rotation="90"><colors><color rgb="0xc7c7c7" alpha="100" stop="0" /><color rgb="0xf4f4f4" alpha="100" stop="255" /></colors></fill></color><color name="btn_border"><fill type="linear" rotation="90"><colors><color rgb="0xB1B1B1" alpha="100" stop="0" /></colors></fill></color><color name="btn_text"><fill type="linear" rotation="90"><colors><color rgb="0x353535" alpha="100" stop="0" /></colors></fill></color><color name="btn_text_shadow"><fill type="linear" rotation="90"><colors><color rgb="0xF0F0F0" alpha="100" stop="0" /></colors></fill></color></group_colors></color_group><color_group name="listitem"><group_colors><color name="selected_text"><fill type="linear" rotation="90"><colors><color rgb="0x353535" alpha="100" stop="0" /></colors></fill></color><color name="lines"><fill type="linear" rotation="90"><colors><color rgb="0xDFDFDF" alpha="100" stop="0" /></colors></fill></color><color name="hover"><fill type="linear" rotation="90"><colors><color rgb="0xe6e6e6" alpha="100" stop="0" /></colors></fill></color><color name="viewed"><fill type="linear" rotation="90"><colors><color rgb="0x909090" alpha="100" stop="0" /></colors></fill></color><color name="text"><fill type="linear" rotation="90"><colors><color rgb="0x353535" alpha="100" stop="0" /></colors></fill></color><color name="selected"><fill type="linear" rotation="90"><colors><color rgb="0xc0e2f1" alpha="100" stop="0" /></colors></fill></color><color name="shadow"><fill type="linear" rotation="90"><colors><color rgb="0xFFFFFF" alpha="100" stop="0" /></colors></fill></color></group_colors></color_group><color_group name="base"><group_colors><color name="text"><fill type="linear" rotation="90"><colors><color rgb="0x555555" alpha="100" stop="0" /></colors></fill></color><color name="diva"><fill type="linear" rotation="90"><colors><color rgb="0xd3d3d3" alpha="100" stop="0" /></colors></fill></color><color name="divb"><fill type="linear" rotation="90"><colors><color rgb="0xf7f7f7" alpha="100" stop="0" /></colors></fill></color><color name="bg"><fill type="linear" rotation="90"><colors><color rgb="0xe9e9e9" alpha="100" stop="0" /><color rgb="0xcfcfcf" alpha="100" stop="255" /></colors></fill></color><color name="border"><fill type="linear" rotation="90"><colors><color rgb="0xE9E9E9" alpha="100" stop="0" /><color rgb="0xF3F3F3" alpha="100" stop="255" /></colors></fill></color><color name="menu_shade"><fill type="linear" rotation="90"><colors><color rgb="0xDBDBDB" alpha="100" stop="0" /><color rgb="0xC3C3C3" alpha="100" stop="255" /></colors></fill></color><color name="slide_bg"><fill type="linear" rotation="90"><colors><color rgb="0xe9e9e9" alpha="100" stop="0" /><color rgb="0xcfcfcf" alpha="100" stop="255" /></colors></fill></color></group_colors></color_group><color_group name="button"><group_colors><color name="btn_bg"><fill type="linear" rotation="90"><colors><color rgb="0xF5F5F5" alpha="100" stop="0" /><color rgb="0xC7C7C7" alpha="100" stop="255" /></colors></fill></color><color name="btn_hover"><fill type="linear" rotation="90"><colors><color rgb="0xf2f2f2" alpha="100" stop="0" /><color rgb="0xafafaf" alpha="100" stop="255" /></colors></fill></color><color name="btn_down"><fill type="linear" rotation="90"><colors><color rgb="0xc7c7c7" alpha="100" stop="0" /><color rgb="0xf4f4f4" alpha="100" stop="255" /></colors></fill></color><color name="btn_border"><fill type="linear" rotation="90"><colors><color rgb="0xB1B1B1" alpha="100" stop="0" /></colors></fill></color><color name="btn_text"><fill type="linear" rotation="90"><colors><color rgb="0x353535" alpha="100" stop="0" /></colors></fill></color><color name="btn_text_shadow"><fill type="linear" rotation="90"><colors><color rgb="0xF0F0F0" alpha="100" stop="0" /></colors></fill></color><color name="btn_icon_color"><fill type="linear" rotation="90"><colors><color rgb="0x353535" alpha="100" stop="0" /></colors></fill></color><color name="btn_glow"><fill type="linear" rotation="90"><colors><color rgb="0xcfcfcf" alpha="100" stop="0" /></colors></fill></color></group_colors></color_group><color_group name="checkbox"><group_colors><color name="border"><fill type="linear" rotation="90"><colors><color rgb="0xB8B8B8" alpha="100" stop="0" /></colors></fill></color><color name="bg"><fill type="linear" rotation="90"><colors><color rgb="0xFFFFFF" alpha="100" stop="0" /></colors></fill></color><color name="check"><fill type="linear" rotation="90"><colors><color rgb="0x33CC00" alpha="100" stop="0" /></colors></fill></color><color name="text"><fill type="linear" rotation="90"><colors><color rgb="0x444444" alpha="100" stop="0" /></colors></fill></color><color name="hover"><fill type="linear" rotation="90"><colors><color rgb="0x6BF8FF" alpha="100" stop="0" /></colors></fill></color></group_colors></color_group><color_group name="logo"><group_colors><color name="bg"><fill type="linear" rotation="90"><colors><color rgb="0xFFFFFF" alpha="100" stop="0" /></colors></fill></color><color name="shadow"><fill type="linear" rotation="90"><colors><color rgb="0xb8b8b8" alpha="100" stop="0" /></colors></fill></color></group_colors></color_group><color_group name="menu"><group_colors><color name="bg"><fill type="linear" rotation="90"><colors><color rgb="0xF3F3F3" alpha="100" stop="0" /></colors></fill></color><color name="shadow"><fill type="linear" rotation="90"><colors><color rgb="0xb8b8b8" alpha="100" stop="0" /></colors></fill></color></group_colors></color_group><color_group name="scrollarea"><group_colors><color name="bg"><fill type="linear" rotation="0"><colors><color rgb="0xDEDEDE" alpha="100" stop="0" /><color rgb="0xE8E8E8" alpha="100" stop="128" /></colors></fill></color><color name="border"><fill type="linear" rotation="90"><colors><color rgb="0xF6F6F6" alpha="100" stop="0" /><color rgb="0xF3F3F3" alpha="100" stop="255" /></colors></fill></color><color name="button_bg"><fill type="linear" rotation="90"><colors><color rgb="0xC4C4C4" alpha="100" stop="0" /><color rgb="0xB2B2B2" alpha="100" stop="255" /></colors></fill></color><color name="button_inner"><fill type="linear" rotation="90"><colors><color rgb="0xCBCBCB" alpha="100" stop="0" /><color rgb="0xBABABA" alpha="100" stop="255" /></colors></fill></color><color name="button_border"><fill type="linear" rotation="90"><colors><color rgb="0xB8B8B8" alpha="100" stop="0" /></colors></fill></color><color name="icons"><fill type="linear" rotation="90"><colors><color rgb="0x555555" alpha="100" stop="0" /></colors></fill></color><color name="shadow"><fill type="linear" rotation="90"><colors><color rgb="0xD9D9D9" alpha="100" stop="0" /></colors></fill></color><color name="detaila"><fill type="linear" rotation="90"><colors><color rgb="0xA7A7A7" alpha="100" stop="0" /></colors></fill></color><color name="detailb"><fill type="linear" rotation="90"><colors><color rgb="0xCFCFCF" alpha="100" stop="0" /></colors></fill></color></group_colors></color_group><color_group name="searchinput"><group_colors><color name="bg"><fill type="linear" rotation="90"><colors><color rgb="0xDFDFDF" alpha="100" stop="0" /></colors></fill></color><color name="border"><fill type="linear" rotation="90"><colors><color rgb="0xADADAD" alpha="100" stop="0" /><color rgb="0xFAFAFA" alpha="100" stop="255" /></colors></fill></color><color name="icon"><fill type="linear" rotation="90"><colors><color rgb="0x8A8A8A" alpha="100" stop="0" /></colors></fill></color><color name="button_hover"><fill type="linear" rotation="90"><colors><color rgb="0xF5F5F5" alpha="100" stop="0" /><color rgb="0xC7C7C7" alpha="100" stop="255" /></colors></fill></color><color name="hover_glow"><fill type="linear" rotation="90"><colors><color rgb="0x6BF8FF" alpha="100" stop="0" /></colors></fill></color><color name="search_text"><fill type="linear" rotation="90"><colors><color rgb="0x8A8A8A" alpha="100" stop="0" /></colors></fill></color><color name="bg_active"><fill type="linear" rotation="90"><colors><color rgb="0xFAFAFA" alpha="100" stop="0" /></colors></fill></color><color name="text_active"><fill type="linear" rotation="90"><colors><color rgb="0x333333" alpha="100" stop="0" /></colors></fill></color></group_colors></color_group><color_group name="seekcontrol"><group_colors><color name="bg"><fill type="linear" rotation="90"><colors><color rgb="0xF5F5F5" alpha="100" stop="0" /><color rgb="0xC7C7C7" alpha="100" stop="255" /></colors></fill></color><color name="border"><fill type="linear" rotation="90"><colors><color rgb="0xB1B1B1" alpha="100" stop="0" /></colors></fill></color><color name="seek_border"><fill type="linear" rotation="90"><colors><color rgb="0xB8B8B8" alpha="100" stop="0" /><color rgb="0xEEEEEE" alpha="100" stop="255" /></colors></fill></color><color name="seek_bg"><fill type="linear" rotation="90"><colors><color rgb="0xE7E7E7" alpha="100" stop="0" /></colors></fill></color><color name="seek_position"><fill type="linear" rotation="90"><colors><color rgb="0xFFFFFF" alpha="100" stop="0" /></colors></fill></color><color name="btn_icon_color"><fill type="linear" rotation="90"><colors><color rgb="0x2d2d2d" alpha="100" stop="0" /></colors></fill></color><color name="btn_icon_hover"><fill type="linear" rotation="90"><colors><color rgb="0x555555" alpha="100" stop="0" /></colors></fill></color><color name="btn_icon_shadow"><fill type="linear" rotation="90"><colors><color rgb="0xF0F0F0" alpha="100" stop="0" /></colors></fill></color></group_colors></color_group><color_group name="tabs"><group_colors><color name="bg"><fill type="linear" rotation="90"><colors><color rgb="0xF3F3F3" alpha="100" stop="0" /></colors></fill></color><color name="text"><fill type="linear" rotation="90"><colors><color rgb="0x555555" alpha="100" stop="0" /></colors></fill></color><color name="selected"><fill type="linear" rotation="90"><colors><color rgb="0x333333" alpha="100" stop="0" /></colors></fill></color><color name="hover"><fill type="linear" rotation="90"><colors><color rgb="0x333333" alpha="100" stop="0" /></colors></fill></color><color name="shadow"><fill type="linear" rotation="90"><colors><color rgb="0xF0F0F0" alpha="100" stop="0" /></colors></fill></color></group_colors></color_group><color_group name="transcript"><group_colors><color name="div"><fill type="linear" rotation="90"><colors><color rgb="0xE1E1E1" alpha="100" stop="0" /></colors></fill></color><color name="heading_text"><fill type="linear" rotation="90"><colors><color rgb="0x444444" alpha="100" stop="0" /></colors></fill></color></group_colors></color_group><color_group name="outline"><group_colors><color name="diva"><fill type="linear" rotation="90"><colors><color rgb="0xC6C6C6" alpha="100" stop="0" /></colors></fill></color><color name="divb"><fill type="linear" rotation="90"><colors><color rgb="0xF9F9F9" alpha="100" stop="0" /></colors></fill></color><color name="divc"><fill type="linear" rotation="90"><colors><color rgb="0xE1E1E1" alpha="100" stop="0" /></colors></fill></color><color name="search_text"><fill type="linear" rotation="90"><colors><color rgb="0x444444" alpha="100" stop="0" /></colors></fill></color><color name="search_hover"><fill type="linear" rotation="90"><colors><color rgb="0x0000EE" alpha="100" stop="0" /></colors></fill></color></group_colors></color_group><color_group name="resource"><group_colors><color name="separator"><fill type="linear" rotation="90"><colors><color rgb="0xE0E0E0" alpha="100" stop="0" /></colors></fill></color></group_colors></color_group><color_group name="glossary"><group_colors><color name="selected_text"><fill type="linear" rotation="90"><colors><color rgb="0x353535" alpha="100" stop="0" /></colors></fill></color><color name="selected"><fill type="linear" rotation="90"><colors><color rgb="0xc0e2f1" alpha="100" stop="0" /></colors></fill></color><color name="text"><fill type="linear" rotation="90"><colors><color rgb="0x353535" alpha="100" stop="0" /></colors></fill></color><color name="hover"><fill type="linear" rotation="90"><colors><color rgb="0xe6e6e6" alpha="100" stop="0" /></colors></fill></color><color name="diva"><fill type="linear" rotation="90"><colors><color rgb="0xE2E2E2" alpha="100" stop="0" /></colors></fill></color><color name="divb"><fill type="linear" rotation="90"><colors><color rgb="0xE2E2E2" alpha="100" stop="0" /></colors></fill></color><color name="divc"><fill type="linear" rotation="90"><colors><color rgb="0xFAFAFA" alpha="100" stop="0" /></colors></fill></color><color name="bg"><fill type="linear" rotation="90"><colors><color rgb="0xE7E7E7" alpha="100" stop="0" /></colors></fill></color><color name="heading_text"><fill type="linear" rotation="90"><colors><color rgb="0x444444" alpha="100" stop="0" /></colors></fill></color></group_colors></color_group><color_group name="volume"><group_colors><color name="thumb_border"><fill type="linear" rotation="90"><colors><color rgb="0xa5a5a5" alpha="100" stop="0" /></colors></fill></color><color name="thumb_inner"><fill type="linear" rotation="90"><colors><color rgb="0xd4d4d4" alpha="100" stop="0" /></colors></fill></color><color name="thumb_bg"><fill type="linear" rotation="90"><colors><color rgb="0xc8c8c8" alpha="100" stop="0" /></colors></fill></color><color name="slider_border"><fill type="linear" rotation="90"><colors><color rgb="0xf2f2f2" alpha="100" stop="0" /></colors></fill></color><color name="slider_bg"><fill type="linear" rotation="90"><colors><color rgb="0xbcbcbc" alpha="100" stop="0" /><color rgb="0xbcbcbc" alpha="100" stop="128" /><color rgb="0xc3c3c3" alpha="100" stop="255" /></colors></fill></color></group_colors></color_group></frame_colors></colorscheme><navigationsettings forcescroll="true" answersubmission="OneAtATime" allowfinishwithoutanswering="false"><browsersettings browsersize="Current" playersize="Locked" newwindow="false" showcontrols="true" allowresize="false" /><resumesettings restartresume="Prompt" ignorecookie="true" /></navigationsettings><textlabels name="English" language="en"><Modified>false</Modified><IsMaster>true</IsMaster><strings><string id="prev" products="">PREV</string><string id="next" products="">NEXT</string><string id="submit" products="">SUBMIT</string><string id="outline" products="">Menu</string><string id="resources" products="">Resources</string><string id="glossary" products="">Glossary</string><string id="transcript" products="">Notes</string><string id="clear" products="">Clear and return to Menu</string><string id="search_results" products="">Search Results</string><string id="filter" products="">Filter</string><string id="slide_text_chk" products="">Slide Text</string><string id="transcript_chk" products="">Notes</string><string id="search_in" products="">Search in:</string><string id="check_include" products="">Check to include</string><string id="search" products="">Search...</string><string id="terms" products="">Terms</string><string id="definition" products="">Definition</string><string id="finish" products="">FINISH</string><string id="acc_finish" products="">finish</string><string id="acc_definition" products="">definition</string><string id="acc_resources" products="">resources</string><string id="acc_search_input" products="">search</string><string id="acc_pause" products="">pause</string><string id="acc_play" products="">play</string><string id="acc_replay" products="">replay</string><string id="acc_submit" products="">submit</string><string id="acc_next" products="">next</string><string id="acc_previous" products="">previous</string><string id="acc_volume" products="">volume</string><string id="acc_skipnavigation" products="">Skip Navigation. Hit enter to return to the slide.</string><string id="submitall" products="">SUBMIT ALL</string><string id="acc_submitall" products="">submit all</string><string id="question_list" products="">Question List</string><string id="more_info" products="">More info</string><string id="send_an_email" products="">Send an email</string><string id="close" products="">Close</string><string id="bio" products="">Bio</string><string id="exit" products="">Exit</string><string id="KnownPlayerString.Question" products="qm">Question</string><string id="KnownPlayerString.Questions" products="qm">Questions</string><string id="KnownPlayerString.Of" products="qm">Of</string><string id="KnownPlayerString.PointsAwarded" products="qm">Points Awarded</string><string id="KnownPlayerString.QuestionPoints" products="qm">Question Points</string><string id="KnownPlayerString.PointValue" products="qm">Point Value</string><string id="KnownPlayerString.ScoreSoFar" products="qm">Score so far</string><string id="KnownPlayerString.PointsOutOf" products="qm">Points out of</string><string id="KnownPlayerString.Previous" products="sl,qm,en">Previous</string><string id="KnownPlayerString.Next" products="sl,qm,en">Next</string><string id="KnownPlayerString.SubmitAll" products="qm">Submit All</string><string id="KnownPlayerString.Submit" products="sl,qm">Submit</string><string id="KnownPlayerString.Select" products="sl,qm,en">--Select--</string><string id="KnownPlayerString.ThankYouFeedbackTitle" products="sl,qm,en">Thank You</string><string id="KnownPlayerString.CorrectFeedbackTitle" products="sl,qm,en">Correct</string><string id="KnownPlayerString.InvalidFeedbackTitle" products="sl,qm,en">Invalid Feedback</string><string id="KnownPlayerString.IncorrectFeedbackTitle" products="sl,qm,en">Incorrect</string><string id="KnownPlayerString.MaximumAttemptsFeedBackTitle" products="sl,qm,en">Maximum Attempts</string><string id="KnownPlayerString.ResultsFeedBackTitle" products="sl,qm,en">Results Title</string><string id="KnownPlayerString.PostQuizReviewFeedBackTitle" products="sl,qm,en">Review</string><string id="KnownPlayerString.SubmitAllFeedbackTitle" products="qm">Submit All</string><string id="KnownPlayerString.SubmitAllUnansweredText" products="qm">There are still some unanswered questions.  Are you sure you would like to proceed without completing?</string><string id="KnownPlayerString.SubmitAllAnsweredLastSlide" products="qm">All questions have been answered. Would you like to submit your answers?</string><string id="KnownPlayerString.SubmitAllUnansweredLastSlide" products="qm">You have reached the end of the quiz, but you have unanswered questions. What do you want to do?</string><string id="KnownPlayerString.SubmitAllAnswersButton" products="qm">Submit Answers</string><string id="KnownPlayerString.SubmitAllIncompleteButton" products="qm">Submit Anyway</string><string id="KnownPlayerString.ReturnToQuizButton" products="qm">Return to Quiz</string><string id="KnownPlayerString.Yes" products="sl,qm,en">Yes</string><string id="KnownPlayerString.No" products="sl,qm,en">No</string><string id="KnownPlayerString.OK" products="sl,qm,en">OK</string><string id="KnownPlayerString.SubmitAllIncomplete" products="qm">One or more questions is incomplete. Please complete all questions to continue.</string><string id="KnownPlayerString.SubmitAllComplete" products="qm">Are you sure you're ready to submit your answers for scoring?</string><string id="KnownPlayerString.TimeLimitExceeded" products="sl,qm,en">Time Limit Exceeded</string><string id="KnownPlayerString.TimeLimitText" products="sl,qm,en">You have reached the time limit set for the quiz. Press 'OK' to continue.</string><string id="KnownPlayerString.InvalidAnswer" products="sl,qm,en">Invalid Answer</string><string id="KnownPlayerString.InvalidAnswerText" products="sl,qm,en">You must complete the question before submitting.</string><string id="KnownPlayerString.ScrollToBottom" products="qm">Scroll to Bottom</string><string id="KnownPlayerString.ScrollToBottomText" products="qm">You must scroll to the bottom before submitting.</string><string id="KnownPlayerString.ResumePlayer" products="sl,qm,en">Resume</string><string id="KnownPlayerString.ResumePlayerText" products="sl,qm,en">Would you like to resume where you left off?</string><string id="KnownPlayerString.LockedWarningTitle" products="sl,qm">Notification</string><string id="KnownPlayerString.LockedQuizWarningText" products="sl,qm">You must complete the quiz in order to continue.</string><string id="KnownPlayerString.LockedInteractionWarningText" products="en">You must complete all the steps in order to continue.</string><string id="KnownPlayerString.NextQuestion" products="qm">Next Question</string><string id="KnownPlayerString.ViewResults" products="sl,qm,en">View Results</string><string id="KnownPlayerString.PrintResults" products="qm,en">Print Results</string><string id="KnownPlayerString.Review" products="sl,qm,en">Review</string><string id="KnownPlayerString.ReviewQuiz" products="qm,en">Review Quiz</string><string id="KnownPlayerString.RetryQuiz" products="qm,en">Retry Quiz</string><string id="KnownPlayerString.ReviewSurvey" products="qm,en">Review Survey</string><string id="KnownPlayerString.QuizReview" products="qm,en">Quiz Review</string><string id="KnownPlayerString.SurveyReview" products="qm,en">Survey Review</string><string id="KnownPlayerString.Finish" products="qm,en">Finish</string><string id="KnownPlayerString.TryAgain" products="sl,qm,en">Try Again</string><string id="KnownPlayerString.Continue" products="sl,qm,en">Continue</string><string id="KnownPlayerString.SummaryReviewRight" products="qm,en">Summary Review Right Text</string><string id="KnownPlayerString.SummaryReviewWrong" products="qm,en">Summary Review Wrong Text</string><string id="KnownPlayerString.CorrectResponse" products="sl,qm,en">Correct Response</string><string id="KnownPlayerString.IsGreaterThan" products="qm,en">is greater than</string><string id="KnownPlayerString.IsLessThan" products="qm,en">is less than</string><string id="KnownPlayerString.IsLessThanOrEqualTo" products="qm,en">is less than or equal to</string><string id="KnownPlayerString.IsGreaterThanOrEqualTo" products="qm,en">is greater than or equal to</string><string id="KnownPlayerString.IsEqualTo" products="qm,en">is equal to</string><string id="KnownPlayerString.IsNotEqualTo" products="qm,en">is not equal to</string><string id="KnownPlayerString.And" products="sl,qm,en">and</string><string id="KnownPlayerString.Or" products="sl,qm,en">or</string><string id="KnownPlayerString.UsernamePromptTitle" products="qm,en">Username Prompt Title</string><string id="KnownPlayerString.UsernamePromptText" products="qm,en">Username Prompt Text</string><string id="KnownPlayerString.YouAreCorrectText" products="sl,qm,en">That's right!  You selected the correct response.</string><string id="KnownPlayerString.ThatsInCorrectText" products="sl,qm,en">You did not select the correct response.</string><string id="KnownPlayerString.ThankYouText" products="sl,qm,en">Thank you.</string><string id="KnownPlayerString.MaximumAttemptsText" products="sl,qm,en">Incorrect. You have reached the maximum allowed attempts.</string><string id="KnownPlayerString.YourResultsText" products="sl,qm,en">Your results.</string><string id="KnownPlayerString.TryAgainFeedbackText" products="sl,qm,en">That is incorrect. Please try again.</string><string id="KnownPlayerString.TextEntryDefaultText" products="sl,qm,en">type your text here</string><string id="KnownPlayerString.NumericEntryDefaultText" products="qm,en">enter answer here</string><string id="KnownPlayerString.PrintPromptTitle" products="sl,qm,en">Enter name</string><string id="KnownPlayerString.PrintPromptText" products="sl,qm,en">Enter your name in the field below:</string><string id="KnownPlayerString.ShowingText" products="en">Showing:</string><string id="KnownPlayerString.ClearText" products="en">Clear</string><string id="KnownPlayerString.SelectTermText" products="en">Select a Term:</string><string id="KnownPlayerString.FoundText" products="en">item(s) found for</string><string id="KnownPlayerString.SearchText" products="en">Search</string><string id="KnownPlayerString.AttemptQuizWarningSlide" products="pr">You must attempt the quiz in order to continue.</string><string id="KnownPlayerString.CompleteQuizWarningSlide" products="pr">You must pass the quiz in order to continue.</string><string id="KnownPlayerString.SliderRangeDescription" products="sl">range from</string><string id="KnownPlayerString.SliderRangeSeparator" products="sl">to</string></strings></textlabels><logo assetguid="00000000-0000-0000-0000-000000000000" AssetName="" /><resources description="Here are some useful links and documents:"><items /><BlockGuid>abea3bc8-bd08-4707-b2d9-f2e3f733db33</BlockGuid></resources><glossary><terms /></glossary><links><items /></links></player>