﻿<?xml version="1.0" encoding="utf-8" standalone="yes"?><story id="f2a6953c-8ac2-46b4-a58d-91e59b32bd03" pG="16ac3d63-8f30-44ef-b8e4-d95f60813cbf" defRadStyle="style1" defChkStyle="style1"><varLst><var dataType="bool" g="00000001-0000-4000-0000-111000000000" name="continue" propPath="" type="user" val="False" verG="00000001-0000-4099-0000-111000000000" /><var dataType="bool" g="00000002-0000-4000-0000-111000000000" name="debug" propPath="" type="user" val="True" verG="00000002-0000-4099-0000-111000000000" /><var dataType="num" g="00000003-0000-4000-0000-111000000000" name="item00P" propPath="" type="user" val="0" verG="00000003-0000-4099-0000-111000000000" /><var dataType="text" g="00000004-0000-4000-0000-111000000000" name="item00T" propPath="" type="user" val="Polizza Protezione Immobile" verG="00000004-0000-4099-0000-111000000000" /><var dataType="num" g="00000005-0000-4000-0000-111000000000" name="maxPage" propPath="" type="user" val="1" verG="00000005-0000-4099-0000-111000000000" /><var dataType="num" g="00000006-0000-4000-0000-111000000000" name="maxQuiz" propPath="" type="user" val="0" verG="00000006-0000-4099-0000-111000000000" /><var dataType="num" g="00000007-0000-4000-0000-111000000000" name="numPages" propPath="" type="user" val="99999" verG="00000007-0000-4099-0000-111000000000" /><var dataType="text" g="00000008-0000-4000-0000-111000000000" name="num_unita" propPath="" type="user" val="1" verG="00000008-0000-4099-0000-111000000000" /><var dataType="num" g="00000009-0000-4000-0000-111000000000" name="pageNext" propPath="" type="user" val="0" verG="00000009-0000-4099-0000-111000000000" /><var dataType="num" g="0000000a-0000-4000-0000-111000000000" name="pagePrev" propPath="" type="user" val="0" verG="0000000a-0000-4099-0000-111000000000" /><var dataType="num" g="0000000b-0000-4000-0000-111000000000" name="pageNumber" propPath="" type="user" val="0" verG="0000000b-0000-4099-0000-111000000000" /><var dataType="text" g="0000000c-0000-4000-0000-111000000000" name="titolo_corso" propPath="" type="user" val="Polizza Protezione Immobile" verG="0000000c-0000-4099-0000-111000000000" /><var dataType="text" g="0000000d-0000-4000-0000-111000000000" name="titolo_slide" propPath="" type="user" val="titolo slide" verG="0000000d-0000-4099-0000-111000000000" /><var dataType="text" g="0000000e-0000-4000-0000-111000000000" name="titolo_unita" propPath="" type="user" val="Contratto di Assicurazione Incendio dei Fabbricati" verG="0000000e-0000-4099-0000-111000000000" /><var dataType="text" g="0000000f-0000-4000-0000-111000000000" name="versione_corso" propPath="" type="user" val="1.0.0" verG="0000000f-0000-4099-0000-111000000000" /><var dataType="bool" g="00000010-0000-4000-0000-111000000000" name="javascript_enabled" propPath="" type="user" val="False" verG="00000010-0000-4099-0000-111000000000" /></varLst><mediaLst><mediaLst /></mediaLst><sceneLst><scene g="16ac3d63-8f30-44ef-b8e4-d95f60813cbf" verG="1def6529-feba-4e79-a2ae-10f7f04ac4eb" name="" desc="" primaryId="00000000-0000-0000-0000-000000000000" sceneType="scene" collapse="false"><sldIdLst><sldId>R6dN8ifU43JG</sldId></sldIdLst></scene></sceneLst><toc g="e01416d7-bf6b-4fca-8955-4b21e68e5e1d" verG="4606cd29-0658-4bf0-a556-6d0c9b23597e" projectId="f2a6953c-8ac2-46b4-a58d-91e59b32bd03"><deleted /></toc><guideLst><vert><guide pos="0" /></vert><horz><guide pos="0" /></horz></guideLst><propLst><prop id="15"><sz w="720" h="540" /></prop><prop id="18">Christian</prop><prop id="23"/><prop id="24">1.0.0.0</prop></propLst><curCtx g="22ce8be7-6790-461c-895e-5f2178bfa033" verG="dba689eb-de46-4219-aedb-e621fb2b3c9d"><curLst /></curCtx><recLst selRecId="00000000-0000-0000-0000-000000000000" /><quizMgr g="43b31b70-6586-4b4b-9d86-d11c649bb9d9" verG="4ced51a1-39e0-4529-b969-709c398c42fe" lmsResultSlideG="00000000-0000-0000-0000-000000000000" trackMode="def" numView="-1" type="graded" showResult="true" finishAction="closeWnd" finishUrl="http://"><bankLst><scene g="151cff36-d6cc-4670-8656-c00dc21aff55" verG="9f733233-53c9-4e77-919f-e1a0f02315a6" name="" desc="Default Question Bank" primaryId="00000000-0000-0000-0000-000000000000" sceneType="scene" collapse="false" drawG="00000000-0000-0000-0000-000000000000"><sldIdLst /><bankProps g="7d09899f-61b3-4041-9394-2a3b2ea82615" verG="8c35a5fa-79b6-4fc1-b123-f8aef01941f9" rand="false" include="-1" /></scene></bankLst><quizLst /></quizMgr></story>