﻿<?xml version="1.0" encoding="utf-8" standalone="yes"?><theme g="be621a69-4a34-408b-955d-48c72919146b" verG="ae4ecc83-efd1-4943-87db-bc9122efc7fc" name="Clean" displayIdx="0" appName="Storyline, Version=2.7.1509.1408, Culture=neutral, PublicKeyToken=d5318c866ad944b5" type="internal"><assetLst><mediaLst><media g="de5e16cc-de63-4bc4-9e85-bf7fd532e738" verG="93a52354-be39-4836-b846-25081aef0ccb" type="Png" displayName="agente.png" origFile="F:\Seafile\WBT_TEMPLATES2\wbt percorso 60 ore\img\agente.png" source="F:\Seafile\WBT_TEMPLATES2\wbt percorso 60 ore\img\agente.png" useCnt="1" bytes="7522" modDT="2014-06-22T22:12:24+02:00" addDT="2016-08-29T12:38:38.4368442+02:00" /><video g="89499045-622e-49d1-bda5-0e750996a423" verG="90de100a-eed8-4755-a5ff-c3cab6d573c1" type="Mp4" displayName="E:\wbt_storyline_locale\06_06 - Easy ud4 ud3 - Uniqua Previdenza\conduzione_01.mov" origFile="E:\wbt_storyline_locale\06_06 - Easy ud4 ud3 - Uniqua Previdenza\conduzione_01.mov" source="E:\wbt_storyline_locale\06_06 - Easy ud4 ud3 - Uniqua Previdenza\conduzione_01.mov" useCnt="1" bytes="1212477" modDT="2016-05-11T11:11:02+02:00" addDT="2016-08-29T12:39:01.9680942+02:00" as="as3" origModDt="2016-05-11T11:11:02+02:00" origBytes="33976199" compressedOnInsert="true"><userState w="720" h="540" /></video><media g="b9669513-bb7b-429c-81ff-3d20f22afc76" verG="d91f2709-e95e-4e0e-a2be-a040215e3fee" type="Jpeg" displayName="" origFile="" source="Pasted Image (200x420)" useCnt="1" bytes="0" modDT="0001-01-01T00:00:00" addDT="2016-08-29T12:39:02.1087192+02:00" /><audio g="9e504d76-aa23-45b5-a94e-d8ffb20ca881" verG="63f2f377-1332-41c2-be44-141cb0a81aee" type="Mp3" displayName="a7a4300b-2177-4b91-a1e1-7f9a1b181a6d.mp3" origFile="E:\wbt_storyline_locale\25_08 - Tariffe - Cattolica\Gli elementi costitutivi delle tariffe_U3\2_audio.aiff" source="C:\Users\vm7-32\AppData\Local\Temp\Articulate\Storyline\5XoIlcd1uMK\a7a4300b-2177-4b91-a1e1-7f9a1b181a6d.mp3" useCnt="1" bytes="1428293" modDT="2016-08-29T12:39:10.1399692+02:00" addDT="2016-08-29T12:39:10.4212192+02:00" origBytes="17117056" origModDT="2016-07-29T17:43:50+02:00"><props valid="true" file="C:\Users\vm7-32\AppData\Local\Temp\Articulate\Storyline\5XoIlcd1uMK\a7a4300b-2177-4b91-a1e1-7f9a1b181a6d.wav" bytes="5240890" channels="1" samples="44100" bits="5240844" sampleCnt="2620422" startPt="46" mp3="false" origFile="E:\wbt_storyline_locale\25_08 - Tariffe - Cattolica\Gli elementi costitutivi delle tariffe_U3\2_audio.aiff" /></audio></mediaLst></assetLst><mstrIdLst><sldId>R5Y5vI4ycsFa</sldId><sldId>R5oIqQTmeyTN</sldId></mstrIdLst><embedRefLg>Rc1aeaf5a222541d5</embedRefLg><embedRefSm>R196671be500842b6</embedRefSm></theme>