<scene g=""
       verG=""
       name=""
       desc="Default Question Bank"
       primaryId="00000000-0000-0000-0000-000000000000"
       sceneType="scene"
       collapse="false"
       drawG="00000000-0000-0000-0000-000000000000">

	<sldIdLst />
	
	<quizData survey="false"
	          score="80"
	          timed="false"
	          timeLimit="3600"
	          leaveOpt="any"
	          viewOpt="any"
	          attempt="unlimited"
	          showPass="true"
	          showFail="true">
			  
		<trigLst>
		
			<trig g="780eea24-71f9-4739-9d8b-e88c200d6866" verG="7008fb35-3b6d-435e-97d5-97dbf3f544de" name="" type="user" edit="all" group="none" copiedG="00000000-0000-0000-0000-000000000000"><data enabled="true" event="OnQuizSuccess" action="jumpToSlide" actSubType="next"><keyPress keys="None" case="false" /><slide showNav="false" /><scene /><shape setStateName="" stateInclude="all" statesNot="are" stateName=""><stateLst /><dropLst /><hoverLst /></shape><clickLst /><sldLayer /><video /><audio /><other open="" email="" js="" op="ass" varVal1="" useVar="false" dblVal="0" boolVal="False" time="PT0S" cuePoint="0" /><interaction /><frame restore="true" /></data><condLst />
			</trig>

			<trig g="7d509bee-aa02-4a35-a357-300638b49bc4" verG="205f7c60-e4a8-427a-8daa-b18ea983266d" name="" type="user" edit="all" group="none" copiedG="00000000-0000-0000-0000-000000000000"><data enabled="true" event="OnQuizAttemptFailure" action="noAction" actSubType="next"><keyPress keys="None" case="false" /><slide showNav="false" /><scene /><shape setStateName="" stateInclude="all" statesNot="are" stateName=""><stateLst /><dropLst /><hoverLst /></shape><clickLst /><sldLayer /><video /><audio /><other open="" email="" js="" op="ass" varVal1="" useVar="false" dblVal="0" boolVal="False" time="PT0S" cuePoint="0" /><interaction /><frame restore="true" /></data><condLst />
			</trig>

			<trig g="8ffe4d52-07ea-47b7-a3c0-e3c0f6503827" verG="aac30080-4a61-4288-8be4-1ab537023432" name="" type="user" edit="all" group="none" copiedG="00000000-0000-0000-0000-000000000000"><data enabled="true" event="OnQuizFinalFailure" action="jumpToSlide" actSubType="next"><keyPress keys="None" case="false" /><slide showNav="false" /><scene /><shape setStateName="" stateInclude="all" statesNot="are" stateName=""><stateLst /><dropLst /><hoverLst /></shape><clickLst /><sldLayer /><video /><audio /><other open="" email="" js="" op="ass" varVal1="" useVar="false" dblVal="0" boolVal="False" time="PT0S" cuePoint="0" /><interaction /><frame restore="true" /></data><condLst />
			</trig>
			
		</trigLst>
		
		<passData>
			<result />
			<user showScore="true" />
			<pass showScore="true" />
			<review allow="true"
			        showCorrInc="true" />
			<email allow="false"
			       address="" />
			<print allow="false"
			       promptName="true" />
		</passData>
		<failData>
			<result />
			<user showScore="true" />
			<pass showScore="true" />
			<review allow="true"
			        showCorrInc="true" />
			<email allow="false"
			       address="" />
			<print allow="false"
			       promptName="true" />
		</failData>
	</quizData>
	<bankProps g="f10f3970-6ed2-40c0-8cf9-1a4fa59110fd"
	           verG="b54e0b45-1f21-4146-b749-837384c9af85"
	           rand="false"
	           include="-1" />
</scene>