<?xml version="1.0" encoding="utf-8" standalone="yes"?>
<bankSld g=""
         verG=""
         typeName=""
         id="0"
         state="0"
         showMasterSp="false"
         name=""
         role=""
         resetMode="auto"
         layoutG="dbda9ab9-710c-4ce2-84f2-002cafd9bc89"
         stateG="00000000-0000-0000-0000-000000000000"
         showPlay="false"
         clrScheme="def"
         assetG="00000000-0000-0000-0000-000000000000"
         backVis="trans"
         layoutType="Content"
         hideToc="false"
         advMode="user"
         linkType="none"
         showInReview="true"
         zoomTransDur="1000"
         useNextTrans="true"
         bankG=""
         incCnt="-1"
         sync="false"
         rnd="true">
	<tmProps g="f6338b33-b184-4003-8f41-4a0746d38f84"
	         verG="c29e9dca-8b2d-4469-acfb-39d32a354669"
	         cur="0"
	         min="5000"
	         visible="true"
	         hideAll="false" />
	<sz w="0"
	    h="0" />
	<trans />
	<bg>
		<lineStyle w="0"
		           scale="1"
		           cap="def"
		           join="def"
		           dash="cstm"
		           cmpnd="cstm">
			<arrow scale="1">
				<begin type="def"
				       sz="def" />
				<end type="def"
				     sz="def" />
			</arrow>
		</lineStyle>
	</bg>
	<shapeLst />
	
	<trigLst>
		<trig g="c5330bcc-54b1-4bcd-be3a-68e870f786ae" verG="a2bfff24-bb33-483e-aa6c-42189d097728" name="Navigation" type="user" edit="variablename, subslides, keypresskeys, actions, operators, variablevalue, variableoperators" group="next" copiedG="f706130c-176d-4d0b-a15b-2e63ebf5d91e"><data enabled="true" event="OnNextButtonClick" action="jumpToSlide" actSubType="next"><keyPress keys="None" case="false" /><slide showNav="false" /><scene /><shape setStateName="" stateInclude="all" statesNot="are" stateName=""><stateLst /><dropLst /><hoverLst /></shape><clickLst /><sldLayer /><video /><audio /><other open="" email="" js="" op="ass" varVal1="" useVar="false" dblVal="0" boolVal="False" time="PT0S" cuePoint="0" /><interaction /><frame actionG="0ec0db78-2e1d-4919-bde6-6824587f77c4" restore="true" /></data><condLst />
		</trig>

		<trig g="ae475cc5-601c-414e-82c1-df8dc7d39471" verG="16f143f1-2ea6-4955-9f30-12dc89f1ddeb" name="Previous" type="user" edit="variablename, subslides, keypresskeys, actions, operators, variablevalue, variableoperators" group="none" copiedG="f706130c-176d-4d0b-a15b-2e63ebf5d91e"><data enabled="true" event="OnClick" action="jumpToSlide" actSubType="prev"><keyPress keys="None" case="false" /><slide showNav="false" /><scene /><shape setStateName="" stateInclude="all" statesNot="are" stateName=""><stateLst /><dropLst /><hoverLst /></shape><clickLst /><sldLayer /><video /><audio /><other open="" email="" js="" op="ass" varVal1="" useVar="false" dblVal="0" boolVal="False" time="PT0S" cuePoint="0" /><interaction /><frame actionG="ae475cc5-601c-414e-82c1-df8dc7d39471" restore="true" /></data><condLst />
		</trig>
	</trigLst>
	
	<note/>
	<szCalc mode="scale"
	        fillA="tl"
	        v="1">
		<cropRect l="0"
		          t="0"
		          r="0"
		          b="0" />
		<currSz w="0"
		        h="0" />
		<lastSz w="0"
		        h="0" />
	</szCalc>
	<thumb g="055977e6-f9ea-482c-8304-2f4b2aaa2c88"
	       sz="62" />
	<panTime g="524268a4-c039-42a8-8ca6-15cf2c1dbb92"
	         verG="763eca6d-b4a2-4ab2-a26b-05331120e838"
	         typeName=""
	         hide="false"
	         lock="false">
		<tmProps g="416f29ca-ccbb-475f-aa6e-f1d29fb6f6e6"
		         verG="67b565a7-beaf-47d0-a8e7-6bd35327c2d7"
		         cur="0"
		         min="5000"
		         visible="true"
		         hideAll="false" />
		<tmCtxLst version="0" />
	</panTime>
	<panRect g="0493f453-e8d0-4772-ae45-2f1a8612d3ee">
		<rect l="0"
		      t="0"
		      r="0"
		      b="0" />
	</panRect>
	<questionLst />
	<excLst />
</bankSld>