<group g=""
       verG=""
       typeName=""
       id="1"
       name=""
       state="107015"
       zOrder="0"
       editCtx="Normal"
       initState=""
       handCur="true"
       rot="-1"
       acc="true">
    
    <tmCtxLst />
    
	<animEffect/>

	<childLst />

	<trigLst />

	<stateLst />

	<bG>
		<lineStyle w="0" scale="1" cap="def" join="def" dash="cstm" cmpnd="cstm">
			<arrow scale="1"><begin type="def" sz="def" /><end type="def" sz="def" /></arrow> </lineStyle>
		<shdw sz="-3.40282347E+38" blur="-3.40282347E+38" angle="-3.40282347E+38" dist="-3.40282347E+38">
			<preset val="cstm" mode="cstm" /> <clr /> </shdw>
	</bG>
	<sldSz w="720" h="540" />
	<hLink enabled="false" trigG="00000000-0000-0000-0000-000000000000" />
</group>