<__TIPO_DI_QUIZ__ g=""
               verG=""
               typeName=""
               id="-1"
               name="Click to edit Choice text styles"
               state="106631"
               zOrder="0"
               editCtx="Normal"
               initState=""
               handCur="true"
               rot="-1"
               acc="true"
               autoFit="def"
               shdw="none"
               wrap="none"
               rtl="false"
               defHorzAlign="l"
               horzAlign="not"
               vertAlign="not"
               textDir="not"
               ansG="c212eb7f-c219-4aa4-b23a-27b27f96a9ca"
               canDel="true"
               canCopy="true"
               hScroll="false"
               allowDrop="false">
			   
	<tmCtxLst /> <!-- txtTmCtx -->
	
	<animEffect />
	
	<childLst /> <!-- Same as Group -->
	
	<trigLst />
	<stateLst />
	
	<bG><lineStyle w="0" scale="1" cap="def" join="def" dash="cstm" cmpnd="cstm"><arrow scale="1"><begin type="def" sz="def" /><end type="def" sz="def" /></arrow></lineStyle><shdw sz="-3.40282347E+38" blur="-3.40282347E+38" angle="-3.40282347E+38" dist="-3.40282347E+38"><preset val="cstm" mode="cstm" /><clr /></shdw><frmt3d material="none" lighting="none" angle="0"><bevel top="cstm" bottom="none"><topSz w="0" h="0" /><bottomSz w="0" h="0" /></bevel><depth val="0"><clr /></depth><contour sz="0"><clr><srgbClr val="000000" /></clr></contour></frmt3d><rot3d x="0" y="0" z="0" pers="0" flat="false" dist="0" /></bG>
	
	<sldSz w="720" h="540" />
	<loc l="36" t="80" r="684" b="502" />
	<hLink enabled="false" trigG="00000000-0000-0000-0000-000000000000" />
	<ph type="text" subType="Interaction" />
	<textMargin l="-1" t="-1" r="-1" b="-1" />
	<bounds l="10" t="5" r="638" b="417" />
	<resize fontNm="" fontSz="0" />
	<margins l="0" t="0" r="0" b="0" />
	<parLst />
	<plain/>
	<autoScrollMrgn w="0" h="0" />
	<autoScrollPos x="0" y="0" />
	
	<intrProps feedbk="intr"
	           score="intr"
	           branch="none"
	           corPts="10"
	           incPts="0"
	           incFbG=""
	           corFbG=""
	           thankFbG="00000000-0000-0000-0000-000000000000"
	           tryFbG="00000000-0000-0000-0000-000000000000"
	           showCorFb="true"
	           showIncFb="true"
	           showTryFb="true"
	           shuffle="true"
	           attempts="one"
	           skip="false"
	           resultFbG="00000000-0000-0000-0000-000000000000"
	           intrG=""
	           max="2"
	           playBk="intr"
	           defFb="false"
	           titleBoxG=""
	           prevBtnG="00000000-0000-0000-0000-000000000000"
	           nextBtnG="00000000-0000-0000-0000-000000000000"
	           showTip="true"
	           sndG="00000000-0000-0000-0000-000000000000"
	           reviewFbG="00000000-0000-0000-0000-000000000000"
	           subm="plyr"
	           mediaG="00000000-0000-0000-0000-000000000000"
	           keys="None">
		<tipText/>
		<exclQuizLst />
	</intrProps>
	
</__TIPO_DI_QUIZ__>

<!-- titleBoxG=""		Gid textBox domanda -->
<!-- intrG=""			Gid che compare solo una volta nella slide! 
		cambia a seconda del test scelto:
		trueFalseIntr: df10780a-4cfd-4805-b876-271b909097e5
		multiChoiceIntr: 9ddb7ca0-d0e8-4e76-9684-3851ebaad90a
-->
<!-- incFbG=""			Gid layer SBAGLIATO -->
<!-- corFbG=""			Gid layer GIUSTO -->
<!-- intrProps.max is 2 for trueFalseIntr and 10 for multiChoiceIntr -->










