<radio g=""
       verG=""
       typeName=""
       id=""
       name="Radio Button"
       state="106759"
       zOrder=""
       editCtx="Selected"
       initState="Selected"
       handCur="true"
       rot="-1"
       acc="true"
       grpId="Multiple Choice"
       parentG="46dd20a1-b2c0-41fa-bb88-fb835da987e6"
       autoFit="def"
       shdw="none"
       wrap="none"
       rtl="false"
       defHorzAlign="l"
       horzAlign="not"
       vertAlign="not"
       textDir="not"
       style="style1">
	<tmCtxLst />
	<animEffect />
	<childLst />
	<trigLst />
	<stateLst>
		<state g="e45864ce-b13b-4d5a-b0cc-6dbb5839a2e8"
		       verG="ffceaeef-d688-45bf-bb31-564e7eff5da5"
		       typeName=""
		       id="0"
		       state="2"
		       showMasterSp="false"
		       name="Normal"
		       role=""
		       resetMode="auto"
		       layoutG="7f817a98-1fec-49af-97a0-9a010cd18ba4"
		       stateG="00000000-0000-0000-0000-000000000000"
		       showPlay="false"
		       clrScheme="def"
		       defG="2de4913d-6bc8-458d-9553-849f5e555af1">
			<tmProps g="b519d363-ab43-48bb-8775-24d81a8e79b7"
			         verG="8719d817-4fb4-4abb-9dbe-a02f1ca90294"
			         cur="0"
			         min="5000"
			         visible="true"
			         hideAll="false" />
			<tmCtxLst version="1">
				<tmCtx g="a88320f5-5010-4926-b3b8-636369c8bf7d"
				       verG="07d52f70-6ea7-42c8-baee-33ed00a13605"
				       start="0"
				       dur="3000"
				       min="250"
				       max="0"
				       hasMax="false"
				       alwysShw="false"
				       untilEnd="false"
				       assetStart="0"
				       name="" />
			</tmCtxLst>
			<sz w="0"
			    h="0" />
			<trans />
			<bg />
			<shapeLst>
				<radio g="2de4913d-6bc8-458d-9553-849f5e555af1"
				       verG="3234ede5-1afe-467c-b345-3ca87c9b2b95"
				       typeName=""
				       id="2"
				       name="Radio Button"
				       state="41223"
				       zOrder="0"
				       editCtx="Normal"
				       initState=""
				       handCur="true"
				       rot="-1"
				       acc="true"
				       autoFit="def"
				       shdw="none"
				       wrap="true"
				       rtl="false"
				       defHorzAlign="l"
				       horzAlign="not"
				       vertAlign="not"
				       textDir="not"
				       style="style1">
					<tmProps g="f75e287b-2e81-418d-bd4c-f53ed0e96aa2"
					         verG="2c19c2b7-1cfa-44cd-897e-90ac626b01c9"
					         cur="0"
					         min="5000"
					         visible="true"
					         hideAll="false" />
					<tmCtxLst version="2">
						<txtTmCtx g="24923d92-ee82-4dc3-848a-23c405b78c7e"
						          verG="6af6417b-1a72-4400-845f-d79444694990"
						          start="0"
						          dur="5000"
						          min="250"
						          max="0"
						          hasMax="false"
						          alwysShw="false"
						          untilEnd="true"
						          assetStart="0"
						          name="" />
					</tmCtxLst>
					<animEffect />
					<childLst />
					<trigLst />
					<stateLst />
					<bG>
						<noFill />
						<noLine />
						<lineStyle w="0"
						           scale="1"
						           cap="def"
						           join="def"
						           dash="cstm"
						           cmpnd="cstm">
							<arrow scale="1">
								<begin type="def"
								       sz="def" />
								<end type="def"
								     sz="def" />
							</arrow>
						</lineStyle>
						<shdw sz="-3.40282347E+38"
						      blur="-3.40282347E+38"
						      angle="-3.40282347E+38"
						      dist="-3.40282347E+38">
							<preset val="cstm"
							        mode="cstm" />
							<clr />
						</shdw>
					</bG>
					<sldSz w="720"
					       h="540" />
					<loc l="0"
					     t="0"
					     r="648"
					     b="46" />
					<hLink enabled="false"
					       trigG="00000000-0000-0000-0000-000000000000" />
					<text>&lt;Document xmlns:xsi="http://www.w3.org/2001/XMLSchema-instance" xmlns:xsd="http://www.w3.org/2001/XMLSchema"&gt; &lt;Content&gt; &lt;Block&gt; &lt;Style FlowDirection="LeftToRight" /&gt; &lt;Span Text="Bonaparte" /&gt; &lt;/Block&gt; &lt;/Content&gt; &lt;/Document&gt;</text>
					<fmtText />
					<prstGeom>
						<radio />
					</prstGeom>
					<textMargin l="-1"
					            t="-1"
					            r="20"
					            b="-1" />
					<bounds l="43"
					        t="12"
					        r="628"
					        b="34" />
					<resize fontNm="Open Sans (Body)"
					        fontSz="12" />
					<margins l="33"
					         t="0"
					         r="0"
					         b="0" />
					<parLst />
					<plain>Bonaparte</plain>
					<hLinkLst />
					<btnBg clrSchmOvr="lt"
					       qsG="fc0f78cd-681e-4e34-bcb5-3d233421c2e1"
					       penAlign="Center">
						<solidFill>
							<clr>
								<srgbClr val="F0F0F0" />
							</clr>
						</solidFill>
						<solidLine>
							<clr>
								<srgbClr val="000000">
									<alpha val="25000" />
								</srgbClr>
							</clr>
						</solidLine>
						<lineStyle w="0"
						           scale="1"
						           cap="def"
						           join="def"
						           dash="cstm"
						           cmpnd="cstm">
							<arrow scale="1">
								<begin type="def"
								       sz="def" />
								<end type="def"
								     sz="def" />
							</arrow>
						</lineStyle>
						<shdw sz="100"
						      blur="5"
						      angle="90"
						      dist="5">
							<preset val="noShdw"
							        mode="noShdw" />
							<clr>
								<srgbClr val="000000">
									<alpha val="43137" />
								</srgbClr>
							</clr>
						</shdw>
						<foreClr>
							<schemeClr val="accent1" />
						</foreClr>
					</btnBg>
				</radio>
			</shapeLst>
			<trigLst />
			<text />
			<shapeSz w="0"
			         h="0" />
		</state>
		<state g="2df3281c-d2d1-4ea9-9e62-74e238a129a2"
		       verG="96577ea4-36de-448b-bcb3-e4b713900eeb"
		       typeName=""
		       id="0"
		       state="2"
		       showMasterSp="false"
		       name="Hover"
		       role=""
		       resetMode="auto"
		       layoutG="7f817a98-1fec-49af-97a0-9a010cd18ba4"
		       stateG="00000000-0000-0000-0000-000000000000"
		       showPlay="false"
		       clrScheme="def"
		       defG="f492d1e1-4aa5-4d2e-8f07-90feb8768d1d">
			<tmProps g="5b7b2cbd-b81d-40af-b615-cae3d51e6729"
			         verG="d6ab1934-41c4-4b65-9421-38ab94efd06b"
			         cur="0"
			         min="5000"
			         visible="true"
			         hideAll="false" />
			<tmCtxLst version="1">
				<tmCtx g="f65f7fe1-1987-4aa2-8f0d-83fa17f3c728"
				       verG="c0eaecbf-e020-43f3-8d1d-cb2b572a347b"
				       start="0"
				       dur="3000"
				       min="250"
				       max="0"
				       hasMax="false"
				       alwysShw="false"
				       untilEnd="false"
				       assetStart="0"
				       name="" />
			</tmCtxLst>
			<sz w="0"
			    h="0" />
			<trans />
			<bg />
			<shapeLst>
				<radio g="f492d1e1-4aa5-4d2e-8f07-90feb8768d1d"
				       verG="6a55fd43-6d69-4cc0-a656-b454983dba92"
				       typeName=""
				       id="3"
				       name="Radio Button"
				       state="32775"
				       zOrder="0"
				       editCtx="Normal"
				       initState=""
				       handCur="true"
				       rot="-1"
				       acc="true"
				       autoFit="def"
				       shdw="none"
				       wrap="none"
				       rtl="false"
				       defHorzAlign="l"
				       horzAlign="not"
				       vertAlign="not"
				       textDir="not"
				       style="style1">
					<tmProps g="f75e287b-2e81-418d-bd4c-f53ed0e96aa2"
					         verG="2c19c2b7-1cfa-44cd-897e-90ac626b01c9"
					         cur="0"
					         min="5000"
					         visible="true"
					         hideAll="false" />
					<tmCtxLst version="2">
						<txtTmCtx g="24923d92-ee82-4dc3-848a-23c405b78c7e"
						          verG="6af6417b-1a72-4400-845f-d79444694990"
						          start="0"
						          dur="5000"
						          min="250"
						          max="0"
						          hasMax="false"
						          alwysShw="false"
						          untilEnd="true"
						          assetStart="0"
						          name="" />
					</tmCtxLst>
					<animEffect />
					<childLst />
					<trigLst />
					<stateLst />
					<bG>
						<solidFill>
							<clr>
								<schemeClr val="control1">
									<alpha val="25000" />
								</schemeClr>
							</clr>
						</solidFill>
						<shdw sz="-3.40282347E+38"
						      blur="-3.40282347E+38"
						      angle="-3.40282347E+38"
						      dist="-3.40282347E+38">
							<preset val="cstm"
							        mode="cstm" />
							<clr />
						</shdw>
					</bG>
					<sldSz w="720"
					       h="540" />
					<loc l="0"
					     t="0"
					     r="200"
					     b="43" />
					<hLink enabled="false"
					       trigG="00000000-0000-0000-0000-000000000000" />
					<prstGeom>
						<radio />
					</prstGeom>
					<textMargin l="-1"
					            t="-1"
					            r="-1"
					            b="-1" />
					<bounds l="0"
					        t="0"
					        r="0"
					        b="0" />
					<resize fontNm="Open Sans (Body)"
					        fontSz="12" />
					<margins l="33"
					         t="0"
					         r="0"
					         b="0" />
					<parLst />
					<plain>Bonaparte</plain>
					<hLinkLst />
					<btnBg>
						<glow type="accent5_7"
						      spread="7">
							<clr>
								<schemeClr val="accent5">
									<satMod val="175000" />
									<alpha val="40000" />
								</schemeClr>
							</clr>
						</glow>
					</btnBg>
				</radio>
			</shapeLst>
			<trigLst />
			<text />
			<shapeSz w="0"
			         h="0" />
		</state>
		<state g="f3665eba-fea6-4480-bd4a-983aa87c0640"
		       verG="1d50372b-66ad-4e7e-92f2-1ca293fb7da3"
		       typeName=""
		       id="0"
		       state="2"
		       showMasterSp="false"
		       name="Down"
		       role=""
		       resetMode="auto"
		       layoutG="7f817a98-1fec-49af-97a0-9a010cd18ba4"
		       stateG="00000000-0000-0000-0000-000000000000"
		       showPlay="false"
		       clrScheme="def"
		       defG="e7a09667-e730-4861-86f3-40e1d328179a">
			<tmProps g="e7147442-ee20-4305-9e22-6a841e58dc8d"
			         verG="a5ebc5d8-efca-4154-ac35-1664edf1c37c"
			         cur="0"
			         min="5000"
			         visible="true"
			         hideAll="false" />
			<tmCtxLst version="1">
				<tmCtx g="e7ae8ceb-762e-4950-80ad-402b9e79421a"
				       verG="402861a5-a6aa-46f9-aa63-5d7c5de04b2c"
				       start="0"
				       dur="3000"
				       min="250"
				       max="0"
				       hasMax="false"
				       alwysShw="false"
				       untilEnd="false"
				       assetStart="0"
				       name="" />
			</tmCtxLst>
			<sz w="0"
			    h="0" />
			<trans />
			<bg />
			<shapeLst>
				<radio g="e7a09667-e730-4861-86f3-40e1d328179a"
				       verG="0d2e6310-1a05-4b65-9e41-08ba0d0a452e"
				       typeName=""
				       id="3"
				       name="Radio Button"
				       state="32775"
				       zOrder="0"
				       editCtx="Normal"
				       initState=""
				       handCur="true"
				       rot="-1"
				       acc="true"
				       autoFit="def"
				       shdw="none"
				       wrap="none"
				       rtl="false"
				       defHorzAlign="l"
				       horzAlign="not"
				       vertAlign="not"
				       textDir="not"
				       style="style1">
					<tmProps g="f75e287b-2e81-418d-bd4c-f53ed0e96aa2"
					         verG="2c19c2b7-1cfa-44cd-897e-90ac626b01c9"
					         cur="0"
					         min="5000"
					         visible="true"
					         hideAll="false" />
					<tmCtxLst version="2">
						<txtTmCtx g="24923d92-ee82-4dc3-848a-23c405b78c7e"
						          verG="6af6417b-1a72-4400-845f-d79444694990"
						          start="0"
						          dur="5000"
						          min="250"
						          max="0"
						          hasMax="false"
						          alwysShw="false"
						          untilEnd="true"
						          assetStart="0"
						          name="" />
					</tmCtxLst>
					<animEffect />
					<childLst />
					<trigLst />
					<stateLst />
					<bG>
						<shdw sz="-3.40282347E+38"
						      blur="-3.40282347E+38"
						      angle="-3.40282347E+38"
						      dist="-3.40282347E+38">
							<preset val="cstm"
							        mode="cstm" />
							<clr />
						</shdw>
					</bG>
					<sldSz w="720"
					       h="540" />
					<loc l="0"
					     t="0"
					     r="200"
					     b="43" />
					<hLink enabled="false"
					       trigG="00000000-0000-0000-0000-000000000000" />
					<prstGeom>
						<radio />
					</prstGeom>
					<textMargin l="-1"
					            t="-1"
					            r="-1"
					            b="-1" />
					<bounds l="0"
					        t="0"
					        r="0"
					        b="0" />
					<resize fontNm="Open Sans (Body)"
					        fontSz="12" />
					<margins l="33"
					         t="0"
					         r="0"
					         b="0" />
					<parLst />
					<plain>Bonaparte</plain>
					<hLinkLst />
					<btnBg />
				</radio>
			</shapeLst>
			<trigLst />
			<text />
			<shapeSz w="0"
			         h="0" />
		</state>
		<state g="aae025b8-1ce6-4f83-b69f-b26fcd90f05f"
		       verG="cf70dca7-0bc8-4f25-92ef-550b2fb73c59"
		       typeName=""
		       id="0"
		       state="2"
		       showMasterSp="false"
		       name="Disabled"
		       role=""
		       resetMode="auto"
		       layoutG="7f817a98-1fec-49af-97a0-9a010cd18ba4"
		       stateG="00000000-0000-0000-0000-000000000000"
		       showPlay="false"
		       clrScheme="def"
		       defG="1ebc3a0b-1df0-4b7d-a6c0-5b971dbe0be7">
			<tmProps g="75fa3861-9b25-4873-95b0-b1f0d5183ec7"
			         verG="9b4874c5-4afe-46c6-8d08-f062bec139ca"
			         cur="0"
			         min="5000"
			         visible="true"
			         hideAll="false" />
			<tmCtxLst version="1">
				<tmCtx g="87bed45d-2b6d-4fd5-b97f-21ac88263ac1"
				       verG="d4c9c248-855f-438f-96f0-2df31bd5d7a5"
				       start="0"
				       dur="3000"
				       min="250"
				       max="0"
				       hasMax="false"
				       alwysShw="false"
				       untilEnd="false"
				       assetStart="0"
				       name="" />
			</tmCtxLst>
			<sz w="0"
			    h="0" />
			<trans />
			<bg />
			<shapeLst>
				<radio g="1ebc3a0b-1df0-4b7d-a6c0-5b971dbe0be7"
				       verG="3bc12657-4343-49c0-96af-67cad9dbd693"
				       typeName=""
				       id="3"
				       name="Radio Button"
				       state="32775"
				       zOrder="0"
				       editCtx="Normal"
				       initState=""
				       handCur="true"
				       rot="-1"
				       acc="true"
				       autoFit="def"
				       shdw="none"
				       wrap="none"
				       rtl="false"
				       defHorzAlign="l"
				       horzAlign="not"
				       vertAlign="not"
				       textDir="not"
				       style="style1">
					<tmProps g="f75e287b-2e81-418d-bd4c-f53ed0e96aa2"
					         verG="2c19c2b7-1cfa-44cd-897e-90ac626b01c9"
					         cur="0"
					         min="5000"
					         visible="true"
					         hideAll="false" />
					<tmCtxLst version="2">
						<txtTmCtx g="24923d92-ee82-4dc3-848a-23c405b78c7e"
						          verG="6af6417b-1a72-4400-845f-d79444694990"
						          start="0"
						          dur="5000"
						          min="250"
						          max="0"
						          hasMax="false"
						          alwysShw="false"
						          untilEnd="true"
						          assetStart="0"
						          name="" />
					</tmCtxLst>
					<animEffect />
					<childLst />
					<trigLst />
					<stateLst />
					<bG>
						<shdw sz="-3.40282347E+38"
						      blur="-3.40282347E+38"
						      angle="-3.40282347E+38"
						      dist="-3.40282347E+38">
							<preset val="cstm"
							        mode="cstm" />
							<clr />
						</shdw>
					</bG>
					<sldSz w="720"
					       h="540" />
					<loc l="0"
					     t="0"
					     r="200"
					     b="43" />
					<hLink enabled="false"
					       trigG="00000000-0000-0000-0000-000000000000" />
					<prstGeom>
						<radio />
					</prstGeom>
					<textMargin l="-1"
					            t="-1"
					            r="-1"
					            b="-1" />
					<bounds l="0"
					        t="0"
					        r="0"
					        b="0" />
					<resize fontNm="Open Sans (Body)"
					        fontSz="12" />
					<margins l="33"
					         t="0"
					         r="0"
					         b="0" />
					<parLst />
					<plain>Bonaparte</plain>
					<hLinkLst />
					<btnBg />
				</radio>
			</shapeLst>
			<trigLst />
			<text />
			<shapeSz w="0"
			         h="0" />
		</state>
		<state g="ee835fb4-5b0d-48a6-87c7-74fa34e45fff"
		       verG="94f4f7b0-48e2-4588-88f5-8bea3aa35111"
		       typeName=""
		       id="0"
		       state="2"
		       showMasterSp="false"
		       name="Selected"
		       role=""
		       resetMode="auto"
		       layoutG="7f817a98-1fec-49af-97a0-9a010cd18ba4"
		       stateG="00000000-0000-0000-0000-000000000000"
		       showPlay="false"
		       clrScheme="def"
		       defG="34a7bfbb-c780-42c0-8a61-dd406fe2d342">
			<tmProps g="854ad6d7-84d5-4661-ad9d-4675276d68ea"
			         verG="e761f49a-2b0d-4363-9787-c05949323138"
			         cur="0"
			         min="5000"
			         visible="true"
			         hideAll="false" />
			<tmCtxLst version="1">
				<tmCtx g="2b8b03b8-de73-4a88-a528-b00121bf3ca3"
				       verG="9e6c2be9-0e8d-449f-902a-8e8b262fe216"
				       start="0"
				       dur="3000"
				       min="250"
				       max="0"
				       hasMax="false"
				       alwysShw="false"
				       untilEnd="false"
				       assetStart="0"
				       name="" />
			</tmCtxLst>
			<sz w="0"
			    h="0" />
			<trans />
			<bg />
			<shapeLst>
				<radio g="34a7bfbb-c780-42c0-8a61-dd406fe2d342"
				       verG="0a2498a1-8a3a-4374-809a-b4828eef4ab6"
				       typeName=""
				       id="3"
				       name="Radio Button"
				       state="32775"
				       zOrder="0"
				       editCtx="Normal"
				       initState=""
				       handCur="true"
				       rot="-1"
				       acc="true"
				       autoFit="def"
				       shdw="none"
				       wrap="none"
				       rtl="false"
				       defHorzAlign="l"
				       horzAlign="not"
				       vertAlign="not"
				       textDir="not"
				       style="style1">
					<tmProps g="f75e287b-2e81-418d-bd4c-f53ed0e96aa2"
					         verG="2c19c2b7-1cfa-44cd-897e-90ac626b01c9"
					         cur="0"
					         min="5000"
					         visible="true"
					         hideAll="false" />
					<tmCtxLst version="2">
						<txtTmCtx g="24923d92-ee82-4dc3-848a-23c405b78c7e"
						          verG="6af6417b-1a72-4400-845f-d79444694990"
						          start="0"
						          dur="5000"
						          min="250"
						          max="0"
						          hasMax="false"
						          alwysShw="false"
						          untilEnd="true"
						          assetStart="0"
						          name="" />
					</tmCtxLst>
					<animEffect />
					<childLst />
					<trigLst />
					<stateLst />
					<bG>
						<lineStyle w="0"
						           scale="1"
						           cap="def"
						           join="def"
						           dash="cstm"
						           cmpnd="cstm">
							<arrow scale="1">
								<begin type="def"
								       sz="def" />
								<end type="def"
								     sz="def" />
							</arrow>
						</lineStyle>
						<shdw sz="-3.40282347E+38"
						      blur="-3.40282347E+38"
						      angle="-3.40282347E+38"
						      dist="-3.40282347E+38">
							<preset val="cstm"
							        mode="cstm" />
							<clr />
						</shdw>
					</bG>
					<sldSz w="720"
					       h="540" />
					<loc l="0"
					     t="0"
					     r="200"
					     b="43" />
					<hLink enabled="false"
					       trigG="00000000-0000-0000-0000-000000000000" />
					<prstGeom>
						<radio />
					</prstGeom>
					<textMargin l="-1"
					            t="-1"
					            r="-1"
					            b="-1" />
					<bounds l="43"
					        t="12"
					        r="628"
					        b="34" />
					<resize fontNm="Open Sans (Body)"
					        fontSz="12" />
					<margins l="33"
					         t="0"
					         r="0"
					         b="0" />
					<parLst />
					<plain>Bonaparte</plain>
					<hLinkLst />
					<btnBg>
						<lineStyle w="0"
						           scale="1"
						           cap="def"
						           join="def"
						           dash="cstm"
						           cmpnd="cstm">
							<arrow scale="1">
								<begin type="def"
								       sz="def" />
								<end type="def"
								     sz="def" />
							</arrow>
						</lineStyle>
					</btnBg>
				</radio>
			</shapeLst>
			<trigLst />
			<text />
			<shapeSz w="0"
			         h="0" />
		</state>
	</stateLst>
	<bG>
		<lineStyle w="0"
		           scale="1"
		           cap="def"
		           join="def"
		           dash="cstm"
		           cmpnd="cstm">
			<arrow scale="1">
				<begin type="def"
				       sz="def" />
				<end type="def"
				     sz="def" />
			</arrow>
		</lineStyle>
		<shdw sz="-3.40282347E+38"
		      blur="-3.40282347E+38"
		      angle="-3.40282347E+38"
		      dist="-3.40282347E+38">
			<preset val="cstm"
			        mode="cstm" />
			<clr />
		</shdw>
	</bG>
	<sldSz w="720"
	       h="540" />
	<loc l="36"
	     t="80"
	     r="684"
	     b="123" />
	<hLink enabled="false"
	       trigG="00000000-0000-0000-0000-000000000000" />
	<ph type="dcsn" />
	<propBag>
		<prop>
			<key>ParentInteractionType</key>
			<val>
				<str>Multiple Choice</str>
			</val>
		</prop>
	</propBag>
	<prstGeom>
		<radio />
	</prstGeom>
	<scoreData correct="true"
	           pts="0"
	           feedBkG="00000000-0000-0000-0000-000000000000"
	           showFeedBk="false"
	           shuffle="true" />
	<textMargin l="-1"
	            t="-1"
	            r="-1"
	            b="-1" />
	<bounds l="0"
	        t="0"
	        r="0"
	        b="0" />
	<resize fontNm="Open Sans (Body)"
	        fontSz="12" />
	<margins l="33"
	         t="0"
	         r="0"
	         b="0" />
	<parLst />
	<hLinkLst />
	<btnBg>
		<lineStyle w="0"
		           scale="1"
		           cap="def"
		           join="def"
		           dash="cstm"
		           cmpnd="cstm">
			<arrow scale="1">
				<begin type="def"
				       sz="def" />
				<end type="def"
				     sz="def" />
			</arrow>
		</lineStyle>
	</btnBg>
</radio>