<trig g=""
      verG=""
      name="Navigation"
      type="user"
      edit="variablename, subslides, keypresskeys, actions, operators, variablevalue, variableoperators"
      group="next"
      copiedG="">
	<data enabled="true"
	      event=""
	      action="jumpToSlide"
	      actSubType="spec">
		<keyPress keys="None"
		          case="false" />
		<slide jumpG=""
		       showNav="false" />
		<scene />
		<shape setStateName=""
		       stateInclude="all"
		       statesNot="are"
		       stateName="">
			<stateLst />
			<dropLst />
			<hoverLst />
		</shape>
		<clickLst />
		<sldLayer />
		<video />
		<audio />
		<other open=""
		       email=""
		       js=""
		       op="ass"
		       varVal1=""
		       useVar="false"
		       dblVal="0"
		       boolVal="False"
		       time="PT0S"
		       cuePoint="0" />
		<interaction />
		<frame actionG=""
		       restore="true" />
	</data>
	<condLst />
</trig>