<sldLayer g=""
          verG=""
          typeName=""
          id="1"
          state="2"
          showMasterSp="false"
          name=""
          role=""
          resetMode="auto"
          layoutG=""
          stateG="00000000-0000-0000-0000-000000000000"
          showPlay="false"
          clrScheme="def"
          modal="false"
          pause="false"
          stop="true"
          hideEnd="false"
          top="true"
          seek="auto">
	
	<tmCtxLst />
	
	<sz w="0"
	    h="0" />
	<trans />
	<bg> <noFill /> </bg>
	<shapeLst />
	<trigLst />
</sldLayer>