<pic g=""
     verG=""
     typeName=""
     id="-1"
     name=""
     state="107079"
     zOrder="0"
     editCtx="Normal"
     initState=""
     handCur="true"
     rot="-1"
     acc="true"
     assetG=""
     imgSet="true"
     blend="srcCpy"
     useFileName="true"
     freeForm="false">
	<tmCtxLst />
	<animEffect />
	<childLst />
	<trigLst />
	<stateLst />
	<bG>
		<lineStyle w="0" scale="1" cap="def" join="def" dash="cstm" cmpnd="cstm">
			<arrow scale="1">
				<begin type="def" sz="def" />
				<end type="def" sz="def" />
			</arrow>
		</lineStyle>
		<shdw sz="-3.40282347E+38" blur="-3.40282347E+38" angle="-3.40282347E+38" dist="-3.40282347E+38">
			<preset val="cstm" mode="cstm" />
			<clr />
		</shdw>
	</bG>
	<sldSz w="720" h="540" />
	<hLink enabled="false" trigG="00000000-0000-0000-0000-000000000000" />
	<fmtText/>
	<propBag>
		<prop>
			<key>oldsize</key>
			<val>
				<sz w="720" h="540" />
			</val>
		</prop>
	</propBag>
	<picFormat>
		<offset />
		<tile mirror="Clamp">Clamp</tile>
		<sourceRect l="0" t="0" r="128" b="128" />
		<pic>
			<brightness />
			<contrast />
			<recolor>
				<clr />
			</recolor>
			<blend>
				<clr />
			</blend>
		</pic>
	</picFormat>
</pic>