<trig g="" verG="" name="" type="user" edit="all" group="none" copiedG="">
	<data enabled="true" event="OnStart" action="playMedia" actSubType="video">
		<keyPress keys="None" case="false" />
		<slide showNav="false" />
		<scene />
		<shape setStateName="" stateInclude="all" statesNot="are" stateName="">
			<stateLst />
			<dropLst />
			<hoverLst />
		</shape>
		<clickLst />
		<sldLayer />
		<video playG="" />
		<audio />
		<other open="" email="" js="" op="ass" varVal1="" useVar="false" dblVal="0" boolVal="False" time="PT0S" cuePoint="0">
			<browserOptions action="new" ctrls="def" wndSz="def">
				<custWndSz w="800" h="600" />
			</browserOptions>
		</other>
		<interaction />
		<frame restore="true" />
	</data>
	<condLst />
</trig>