<radio g=""
       verG=""
       typeName=""
       id=""
       name="Radio Button"
       state="107271"
       zOrder=""
       editCtx="Normal"
       initState="Normal"
       handCur="true"
       rot="-1"
       acc="true"
       grpId="Button Set 1"
       parentG=""
       autoFit="def"
       shdw="none"
       wrap="none"
       rtl="false"
       defHorzAlign="l"
       horzAlign="not"
       vertAlign="not"
       textDir="not"
       style="style2">
	<tmCtxLst />
	<animEffect />
	<childLst />
	<trigLst />
	
	<stateLst>

		<state g="614d1527-78ff-4ade-b8ca-f954e664e5ce" verG="d97caa40-1adc-4a96-ba98-7dc94c8882b9" typeName="" id="0" state="0" showMasterSp="false" name="Normal" role="" resetMode="auto" layoutG="7f817a98-1fec-49af-97a0-9a010cd18ba4" stateG="00000000-0000-0000-0000-000000000000" showPlay="false" clrScheme="def" defG="4f0e01cb-512f-484e-a860-1206b2fd56ec"><tmProps g="82b28b5c-ebce-4c57-b6de-564879fe8c80" verG="50ba8b6b-f16b-48e6-92b3-e835b1e98640" cur="0" min="5000" visible="true" hideAll="false" /><tmCtxLst version="1"><tmCtx g="5c784ff2-5d7d-496d-9707-bea5c937ee6b" verG="54423138-aced-4899-93ab-15c39f091ba0" start="0" dur="3000" min="250" max="0" hasMax="false" alwysShw="false" untilEnd="false" assetStart="0" name="" /></tmCtxLst><sz w="0" h="0" /><trans /><bg shine="false"><noFill /><noLine /><reflection type="none" /><glow type="none" spread="0"><clr><schemeClr val="accent1" /></clr></glow><softEdge type="none" spread="0" /><foreClr><schemeClr val="dk1" /></foreClr></bg><shapeLst><radio g="4f0e01cb-512f-484e-a860-1206b2fd56ec" verG="e8bbbd23-71bb-4440-9b63-8e4df6d5550c" typeName="" id="2" name="Radio Button" state="41223" zOrder="0" editCtx="Normal" initState="Normal" handCur="true" rot="-1" acc="true" autoFit="def" shdw="none" wrap="true" rtl="false" defHorzAlign="l" horzAlign="not" vertAlign="not" textDir="not" style="style1"><tmProps g="de60f8f4-9293-4df5-9ef3-c6a1c06204e8" verG="2839a510-40c2-433f-b65e-c9ac3ee1642e" cur="0" min="5000" visible="true" hideAll="false" /><tmCtxLst version="2"><txtTmCtx g="4ac63947-913a-498f-8258-e3bf0492a31f" verG="9d6847a2-bbce-4f37-ae11-18fbf42b15e8" start="0" dur="5000" min="250" max="0" hasMax="false" alwysShw="false" untilEnd="true" assetStart="0" name="" /></tmCtxLst><animEffect /><childLst /><trigLst /><stateLst /><bG><noFill /><noLine /><lineStyle w="0" scale="1" cap="def" join="def" dash="cstm" cmpnd="cstm"><arrow scale="1"><begin type="def" sz="def" /><end type="def" sz="def" /></arrow></lineStyle><shdw sz="-3.40282347E+38" blur="-3.40282347E+38" angle="-3.40282347E+38" dist="-3.40282347E+38"><preset val="cstm" mode="cstm" /><clr /></shdw></bG><sldSz w="720" h="540" /><loc l="0" t="0" r="720" b="34" /><hLink enabled="false" trigG="00000000-0000-0000-0000-000000000000" /><text /><fmtText /><prstGeom><radio /></prstGeom><textMargin l="-1" t="0" r="30" b="0" /><bounds l="43" t="7" r="690" b="27" /><resize fontNm="Open Sans (Body)" fontSz="12" /><margins l="33" t="0" r="0" b="0" /><parLst /><plain /><hLinkLst /><btnBg shine="false" penAlign="Center"><solidFill><clr><schemeClr val="lt1"><grad val="2" /></schemeClr></clr></solidFill><solidLine><clr><schemeClr val="lt1"><grad val="1" /></schemeClr></clr></solidLine><lineStyle w="2" scale="1" cap="flat" join="rnd" dash="sld" cmpnd="sng"><arrow scale="1"><begin type="none" sz="size5" /><end type="none" sz="size5" /></arrow></lineStyle><shdw sz="100" blur="5" angle="90" dist="5"><preset val="noShdw" mode="noShdw" /><clr><srgbClr val="000000"><alpha val="43137" /></srgbClr></clr></shdw><reflection type="none" /><glow type="none" spread="0"><clr><schemeClr val="accent1" /></clr></glow><softEdge type="none" spread="0" /><foreClr><schemeClr val="lt1" /></foreClr></btnBg></radio></shapeLst><trigLst /><text/><shapeSz w="0" h="0" /></state>
	
		<state g="ddad96d2-521a-49c9-9c32-d3db03b75fab" verG="c500be03-1f49-45f6-ae06-80513fed9700" typeName="" id="0" state="0" showMasterSp="false" name="_visited_" role="" resetMode="auto" layoutG="7f817a98-1fec-49af-97a0-9a010cd18ba4" stateG="00000000-0000-0000-0000-000000000000" showPlay="false" clrScheme="def" defG="b89a5717-a3be-41d9-8955-d86777d24c7a"><tmProps g="ae178e50-9532-4532-9c1c-417c9e846a1f" verG="1c7b45cb-0580-4c2d-88fa-35ca1dac5859" cur="0" min="5000" visible="true" hideAll="false" /><tmCtxLst version="1"><tmCtx g="508e2357-b41c-41c2-bb39-c31e502ac17d" verG="bfc9847d-87de-4a35-96a2-8011270a6f03" start="0" dur="3000" min="250" max="0" hasMax="false" alwysShw="false" untilEnd="false" assetStart="0" name="" /></tmCtxLst><sz w="0" h="0" /><trans /><bg shine="false"><noFill /><noLine /><reflection type="none" /><glow type="none" spread="0"><clr><schemeClr val="accent1" /></clr></glow><softEdge type="none" spread="0" /><foreClr><schemeClr val="dk1" /></foreClr></bg><shapeLst><radio g="b89a5717-a3be-41d9-8955-d86777d24c7a" verG="239aeb9d-4a2b-4994-b52f-fe703cbe5bae" typeName="" id="3" name="Radio Button" state="41223" zOrder="0" editCtx="Normal" initState="Normal" handCur="true" rot="-1" acc="true" autoFit="def" shdw="none" wrap="none" rtl="false" defHorzAlign="l" horzAlign="not" vertAlign="not" textDir="not" style="style1"><tmProps g="de60f8f4-9293-4df5-9ef3-c6a1c06204e8" verG="2839a510-40c2-433f-b65e-c9ac3ee1642e" cur="0" min="5000" visible="true" hideAll="false" /><tmCtxLst version="2"><txtTmCtx g="4ac63947-913a-498f-8258-e3bf0492a31f" verG="9d6847a2-bbce-4f37-ae11-18fbf42b15e8" start="0" dur="5000" min="250" max="0" hasMax="false" alwysShw="false" untilEnd="true" assetStart="0" name="" /></tmCtxLst><animEffect /><childLst /><trigLst /><stateLst /><bG><lineStyle w="0" scale="1" cap="def" join="def" dash="cstm" cmpnd="cstm"><arrow scale="1"><begin type="def" sz="def" /><end type="def" sz="def" /></arrow></lineStyle><shdw sz="-3.40282347E+38" blur="-3.40282347E+38" angle="-3.40282347E+38" dist="-3.40282347E+38"><preset val="cstm" mode="cstm" /><clr /></shdw></bG><sldSz w="720" h="540" /><loc l="0" t="0" r="720" b="34" /><hLink enabled="false" trigG="00000000-0000-0000-0000-000000000000" /><fmtText/><prstGeom><radio /></prstGeom><textMargin l="-1" t="0" r="30" b="0" /><bounds l="43" t="7" r="690" b="27" /><resize fontNm="Open Sans (Body)" fontSz="12" /><margins l="33" t="0" r="0" b="0" /><parLst /><plain>%item00T% – VidLaout</plain><hLinkLst /><btnBg shine="false" penAlign="Center"><solidFill><clr><schemeClr val="lt1"><grad val="2" /></schemeClr></clr></solidFill><solidLine><clr><srgbClr val="EA980D" /></clr></solidLine><lineStyle w="4" scale="1" cap="flat" join="rnd" dash="sld" cmpnd="sng"><arrow scale="1"><begin type="none" sz="size5" /><end type="none" sz="size5" /></arrow></lineStyle><reflection type="none" /><glow type="none" spread="0"><clr><schemeClr val="accent1" /></clr></glow><softEdge type="none" spread="0" /><foreClr><srgbClr val="EA980D" /></foreClr></btnBg></radio></shapeLst><trigLst /><text/><shapeSz w="0" h="0" /></state>
	
		<state g="7f765d69-139c-4723-8a5c-42155e2aa585" verG="e483d856-fbd3-4e1e-a17a-81ca680441d0" typeName="" id="0" state="0" showMasterSp="false" name="_on_" role="" resetMode="auto" layoutG="7f817a98-1fec-49af-97a0-9a010cd18ba4" stateG="00000000-0000-0000-0000-000000000000" showPlay="false" clrScheme="def" defG="755ba755-b762-401b-88b3-7fcd58de71be"><tmProps g="ae178e50-9532-4532-9c1c-417c9e846a1f" verG="1c7b45cb-0580-4c2d-88fa-35ca1dac5859" cur="0" min="5000" visible="true" hideAll="false" /><tmCtxLst version="1"><tmCtx g="508e2357-b41c-41c2-bb39-c31e502ac17d" verG="bfc9847d-87de-4a35-96a2-8011270a6f03" start="0" dur="3000" min="250" max="0" hasMax="false" alwysShw="false" untilEnd="false" assetStart="0" name="" /></tmCtxLst><sz w="0" h="0" /><trans /><bg shine="false"><noFill /><noLine /><reflection type="none" /><glow type="none" spread="0"><clr><schemeClr val="accent1" /></clr></glow><softEdge type="none" spread="0" /><foreClr><schemeClr val="dk1" /></foreClr></bg><shapeLst><radio g="755ba755-b762-401b-88b3-7fcd58de71be" verG="9e97625a-48d9-4036-804b-23db8d84aff1" typeName="" id="3" name="Radio Button" state="41223" zOrder="0" editCtx="Normal" initState="Normal" handCur="true" rot="-1" acc="true" autoFit="def" shdw="none" wrap="none" rtl="false" defHorzAlign="l" horzAlign="not" vertAlign="not" textDir="not" style="style1"><tmProps g="de60f8f4-9293-4df5-9ef3-c6a1c06204e8" verG="2839a510-40c2-433f-b65e-c9ac3ee1642e" cur="0" min="5000" visible="true" hideAll="false" /><tmCtxLst version="2"><txtTmCtx g="4ac63947-913a-498f-8258-e3bf0492a31f" verG="9d6847a2-bbce-4f37-ae11-18fbf42b15e8" start="0" dur="5000" min="250" max="0" hasMax="false" alwysShw="false" untilEnd="true" assetStart="0" name="" /></tmCtxLst><animEffect /><childLst /><trigLst /><stateLst /><bG><noFill /><noLine /><lineStyle w="0" scale="1" cap="def" join="def" dash="cstm" cmpnd="cstm"><arrow scale="1"><begin type="def" sz="def" /><end type="def" sz="def" /></arrow></lineStyle><shdw sz="-3.40282347E+38" blur="-3.40282347E+38" angle="-3.40282347E+38" dist="-3.40282347E+38"><preset val="cstm" mode="cstm" /><clr /></shdw></bG><sldSz w="720" h="540" /><loc l="0" t="0" r="720" b="34" /><hLink enabled="false" trigG="00000000-0000-0000-0000-000000000000" /><fmtText/><prstGeom><radio /></prstGeom><textMargin l="-1" t="0" r="30" b="0" /><bounds l="43" t="7" r="690" b="27" /><resize fontNm="Open Sans (Body)" fontSz="12" /><margins l="33" t="0" r="0" b="0" /><parLst /><plain>%item00T% – VidLaout</plain><hLinkLst /><btnBg shine="false" penAlign="Center"><solidFill><clr><srgbClr val="EA980D" /></clr></solidFill><solidLine><clr><srgbClr val="EA980D" /></clr></solidLine><lineStyle w="4" scale="1" cap="flat" join="rnd" dash="sld" cmpnd="sng"><arrow scale="1"><begin type="none" sz="size5" /><end type="none" sz="size5" /></arrow></lineStyle><reflection type="none" /><glow type="none" spread="0"><clr><schemeClr val="accent1" /></clr></glow><softEdge type="none" spread="0" /><foreClr><srgbClr val="EA980D" /></foreClr></btnBg></radio></shapeLst><trigLst /><text/><shapeSz w="0" h="0" /></state>
	
	</stateLst>
	
	<bG shine="false">
		<noFill />
		<noLine />
		<lineStyle w="3"
		           scale="1"
		           cap="flat"
		           join="rnd"
		           dash="sld"
		           cmpnd="sng">
			<arrow scale="1">
				<begin type="none"
				       sz="size5" />
				<end type="none"
				     sz="size5" />
			</arrow>
		</lineStyle>
		<shdw sz="100"
		      blur="4"
		      angle="90"
		      dist="4">
			<preset val="noShdw"
			        mode="noShdw" />
			<clr>
				<srgbClr val="000000">
					<alpha val="60000" />
				</srgbClr>
			</clr>
		</shdw>
		<reflection type="none" />
		<glow type="none"
		      spread="0">
			<clr>
				<schemeClr val="accent1" />
			</clr>
		</glow>
		<softEdge type="none"
		          spread="0" />
		<foreClr>
			<schemeClr val="dk1" />
		</foreClr>
	</bG>
	<sldSz w="720"
	       h="540" />
	<hLink enabled="false"
	       trigG="00000000-0000-0000-0000-000000000000" />
	<fmtText/>
	<propBag>
		<prop>
			<key>oldsize</key>
			<val>
				<sz w="720"
				    h="540" />
			</val>
		</prop>
	</propBag>
	<prstGeom>
		<radio />
	</prstGeom>
	<textMargin l="-1"
	            t="-1"
	            r="-1"
	            b="-1" />
	<bounds l="0"
	        t="0"
	        r="0"
	        b="0" />
	<resize fontNm="Open Sans (Body)"
	        fontSz="12" />
	<margins l="33"
	         t="0"
	         r="0"
	         b="0" />
	<parLst />
	<hLinkLst />
	<btnBg shine="false">
		<noFill />
		<noLine />
		<lineStyle w="3"
		           scale="1"
		           cap="flat"
		           join="rnd"
		           dash="sld"
		           cmpnd="sng">
			<arrow scale="1">
				<begin type="none"
				       sz="size5" />
				<end type="none"
				     sz="size5" />
			</arrow>
		</lineStyle>
		<reflection type="none" />
		<glow type="none"
		      spread="0">
			<clr>
				<schemeClr val="accent1" />
			</clr>
		</glow>
		<softEdge type="none"
		          spread="0" />
		<foreClr>
			<schemeClr val="dk1" />
		</foreClr>
	</btnBg>
</radio>