<rsltsIntr g=""
		   verG=""
		   typeName=""
		   id=""
		   name=""
		   state="106631"
		   zOrder="0"
		   editCtx="Normal"
		   initState=""
		   handCur="true"
		   rot="-1"
		   acc="true"
		   autoFit="def"
		   shdw="none"
		   wrap="true"
		   rtl="false"
		   defHorzAlign="l"
		   horzAlign="not"
		   vertAlign="not"
		   textDir="not"
		   ansG="d4c0410c-3be3-4f2f-a84f-a907e30b5557"
		   canDel="true"
		   canCopy="true"
		   hScroll="false"
		   allowDrop="false"
		   new="true"
		   glowType="accent5_15"
		   quizG=""
		   attempts="unlimited"
		   type="graded">
			 
	<tmCtxLst />
	
	<animEffect />
	<childLst />
	<trigLst />
	<stateLst />
	
	<bG><shdw sz="-3.40282347E+38" blur="-3.40282347E+38" angle="-3.40282347E+38" dist="-3.40282347E+38"><preset val="cstm"	mode="cstm" /><clr /></shdw></bG><sldSz w="720" h="540" /><loc l="30" t="30" r="690" b="510" /><hLink enabled="false" trigG="00000000-0000-0000-0000-000000000000" /><ph type="text"	subType="Interaction" /><textMargin l="-1"	t="-1"	r="-1"	b="-1" /><bounds l="0"	t="0"	r="0"	b="0" /><resize fontNm=""	fontSz="0" /><parLst /><autoScrollMrgn w="0"	h="0" /><autoScrollPos x="0" y="0" />
	
	<intrProps feedbk="none"
			   score="intr"
			   branch="none"
			   corPts="10"
			   incPts="0"
			   incFbG="00000000-0000-0000-0000-000000000000"
			   corFbG="00000000-0000-0000-0000-000000000000"
			   thankFbG="00000000-0000-0000-0000-000000000000"
			   tryFbG="00000000-0000-0000-0000-000000000000"
			   showCorFb="true"
			   showIncFb="true"
			   showTryFb="true"
			   shuffle="false"
			   attempts="one"
			   skip="false"
			   resultFbG="00000000-0000-0000-0000-000000000000"
			   intrG="f40a2ff9-f58b-4c99-a2a7-0f1ec70305e0"
			   max="10"
			   playBk="intr"
			   defFb="false"
			   titleBoxG="00000000-0000-0000-0000-000000000000"
			   prevBtnG="00000000-0000-0000-0000-000000000000"
			   nextBtnG="00000000-0000-0000-0000-000000000000"
			   showTip="true"
			   sndG="00000000-0000-0000-0000-000000000000"
			   reviewFbG="00000000-0000-0000-0000-000000000000"
			   subm="plyr"
			   mediaG="00000000-0000-0000-0000-000000000000"
			   keys="None">
		<tipText/>
		<exclQuizLst />
	</intrProps>
	<choices />
	<success trigG=""
			 g="" />
	<failure trigG=""
			 g="" />
	<guids retG="00000000-0000-0000-0000-000000000000"
		   revG="00000000-0000-0000-0000-000000000000"
		   prG="00000000-0000-0000-0000-000000000000"
		   uScLG="00000000-0000-0000-0000-000000000000"
		   uScSG="00000000-0000-0000-0000-000000000000"
		   pScSG="00000000-0000-0000-0000-000000000000"
		   pScLG="00000000-0000-0000-0000-000000000000" />
</rsltsIntr>