<dragDropPnl g=""
             verG=""
             typeName=""
             id=""
             name="Scroll"
             state="107399"
             zOrder=""
             editCtx="Normal"
             initState=""
             handCur="true"
             rot="-1"
             acc="true"
             autoFit="def"
             shdw="none"
             wrap="none"
             rtl="false"
             defHorzAlign="l"
             horzAlign="not"
             vertAlign="not"
             textDir="not"
             ansG="138faf68-901a-4af4-bfd4-98bde4466d57"
             canDel="true"
             canCopy="true"
             hScroll="false"
             allowDrop="true">
	<tmCtxLst />
	<animEffect />
	
	<childLst />
	
	<trigLst />
	<stateLst />
	<bG>
		<lineStyle w="0"
		           scale="1"
		           cap="def"
		           join="def"
		           dash="cstm"
		           cmpnd="cstm">
			<arrow scale="1">
				<begin type="def"
				       sz="def" />
				<end type="def"
				     sz="def" />
			</arrow>
		</lineStyle>
		<shdw sz="-3.40282347E+38"
		      blur="-3.40282347E+38"
		      angle="-3.40282347E+38"
		      dist="-3.40282347E+38">
			<preset val="cstm"
			        mode="cstm" />
			<clr />
		</shdw>
	</bG>
	<sldSz w="720"
	       h="540" />
	<hLink enabled="false"
	       trigG="00000000-0000-0000-0000-000000000000" />
	<textMargin l="-1"
	            t="-1"
	            r="-1"
	            b="-1" />
	<bounds l="0"
	        t="0"
	        r="0"
	        b="0" />
	<resize fontNm=""
	        fontSz="0" />
	<parLst />
	<plain/>
	<autoScrollMrgn w="0"
	                h="10" />
	<autoScrollPos x="0"
	               y="0" />
</dragDropPnl>