<trig g=""
      verG=""
      name=""
      type="user"
      edit="all"
      group="none"
      copiedG="">
	<data enabled="true"
	      event="OnStart"
	      action="adjustVar"
	      actSubType="next">
		<keyPress keys="None"
		          case="false" />
		<slide showNav="false" />
		<scene />
		<shape setStateName=""
		       stateInclude="all"
		       statesNot="are"
		       stateName="">
			<stateLst />
			<dropLst />
			<hoverLst />
		</shape>
		<clickLst />
		<sldLayer />
		<video />
		<audio />
		<other open=""
		       email=""
		       js=""
		       varG=""
		       op="ass"
		       varVal1=""
		       useVar="false"
		       dblVal="1"
		       boolVal="False"
		       time="PT0S"
		       cuePoint="0" />
		<interaction />
		<frame restore="true" />
	</data>
	<condLst />
</trig>