<elements>


<slide>
<video g="f0bbf5b1-ba2a-4c3e-994e-2fe852e29c65"
		verG="8d651a6a-a91b-437b-813b-6ddb9af9582c"
		typeName=""
		id="1"
		name="Video"
		state="106567"
		zOrder="0"
		editCtx="Normal"
		initState=""
		handCur="true"
		rot="-1"
		acc="true"
		assetG="63651e4d-9716-404e-94c8-24753d247d9c"
		autoFit="none"
		shdw="none"
		wrap="none"
		rtl="false"
		defHorzAlign="l"
		horzAlign="not"
		vertAlign="not"
		textDir="not"
		ansG="c432ec14-2b4a-4064-9404-0ffcc048a7aa"
		canDel="true"
		canCopy="true"
		codec="h264"
		play="auto"
		vol="50"
		mute="false"
		showCtrls="false"
		full="false"
		loop="false"
		rew="false"
		thumbType="int"
		mode="vid"
		compressOnPublish="true"
		vidDispMode="sld"
		brwsrDispMode="none"
		vidSrcType="local"
		vidG="00000000-0000-0000-0000-000000000000"
		origThumbG="00000000-0000-0000-0000-000000000000"
		thumbG="842b0420-39c7-4884-8bbd-69755a6e8460"
		flvG="00000000-0000-0000-0000-000000000000"
		srcG="00000000-0000-0000-0000-000000000000">
	<tmProps g="3c89b937-a369-462a-9afa-f1e76ffd2f8a"
	         verG="f5c2002e-c8fc-4793-b53c-558fd39c5855"
	         cur="0"
	         min="5000"
	         visible="true"
	         hideAll="false" />
	<tmCtxLst version="2">
		<vidTmCtx g="22ce63e2-7f3c-41d1-bda0-db12925c4069" verG="b28e6e29-5429-4299-b1b6-083fa116bf86" start="0" dur="27407" min="250" max="0" hasMax="false" alwysShw="false" untilEnd="false" assetStart="0" name="" />
	</tmCtxLst>
	<animEffect />
	<childLst />
	<trigLst />
	<stateLst />
	<bG>
		<lineStyle w="0" scale="1" cap="def" join="def" dash="cstm" cmpnd="cstm">
			<arrow scale="1">
				<begin type="def" sz="def" />
				<end type="def" sz="def" />
			</arrow>
		</lineStyle>
		<shdw sz="100" blur="5" angle="90" dist="5">
			<preset val="noShdw" mode="noShdw" />
			<clr>
				<srgbClr val="000000">
					<alpha val="43137" />
				</srgbClr>
			</clr>
		</shdw>
	</bG>
	<sldSz w="720" h="540" />
	<loc l="260" t="60" r="460" b="480" />
	<hLink enabled="false" trigG="00000000-0000-0000-0000-000000000000" />
	<textMargin l="-1" t="-1" r="-1" b="-1" />
	<bounds l="0" t="0" r="0" b="0" />
	<resize fontNm="Open Sans (Body)" fontSz="12" />
	<parLst />
	<plain/>
	<movie dur="27407" fps="30">
		<sz w="200" h="420" />
	</movie>
	<embed/>
	<url/>
</video>
<Relationship Type="media" Target="/story/media/R5WIsw7JJocP.mpeg" Id="R9bc21e43b8044c44" />
<Relationship Type="media" Target="/story/media/R6E0E53ZQax6.jpg" Id="Red176167829e415d" />

</slide>


<story>
<video g="63651e4d-9716-404e-94c8-24753d247d9c"
	verG="250691a5-da4a-4416-97ff-2d22519c3eaf"
	type="Mp4"
	displayName="E:\wbt_storyline_locale\06_06 - Easy ud4 ud3 - Uniqua Previdenza\conduzione_01.mov"
	origFile="E:\wbt_storyline_locale\06_06 - Easy ud4 ud3 - Uniqua Previdenza\conduzione_01.mov"
	source="E:\wbt_storyline_locale\06_06 - Easy ud4 ud3 - Uniqua Previdenza\conduzione_01.mov"
	useCnt="1"
	bytes="1212477"
	modDT="2016-05-11T11:11:02+02:00"
	addDT="2016-06-17T11:49:58.9177518+02:00"
	as="as3"
	origModDt="2016-05-11T11:11:02+02:00"
	origBytes="33976199"
	compressedOnInsert="true">
	<userState 
		w="720"
		h="540" />
</video>
<media g="842b0420-39c7-4884-8bbd-69755a6e8460"
	verG="5efbf24c-5dc7-41ea-aa42-86672bfb3665"
	type="Jpeg"
	displayName=""
	origFile=""
	source="Pasted Image (200x420)"
	useCnt="1"
	bytes="0"
	modDT="0001-01-01T00:00:00"
	addDT="2016-06-17T11:49:59.1052518+02:00" />
</story>

</elements>