<textBox g=""
         verG=""
         typeName=""
         id="1"
         name="Text Box"
         state="107271"
         zOrder="0"
         editCtx="Normal"
         initState=""
         handCur="true"
         rot="-1"
         acc="true"
         autoFit="def"
         shdw="none"
         wrap="true"
         rtl="false"
         defHorzAlign="l"
         horzAlign="not"
         vertAlign="not"
         textDir="not">
	<tmCtxLst/>
	<animEffect />
	<childLst />
	<trigLst />
	<stateLst />
	<bG><lineStyle w="0" scale="1" cap="def" join="def" dash="cstm" cmpnd="cstm"><arrow scale="1"><begin type="def" sz="def" /><end type="def" sz="def" /></arrow></lineStyle><shdw sz="-3.40282347E+38" blur="-3.40282347E+38" angle="-3.40282347E+38" dist="-3.40282347E+38"><preset val="cstm" mode="cstm" /><clr /></shdw></bG>
	<sldSz w="720" h="540" />
	<hLink enabled="false" trigG="00000000-0000-0000-0000-000000000000" />
	<text/>
	<fmtText/>
	<propBag> <prop> <key>oldsize</key> <val> <sz w="720" h="540" /> </val> </prop> </propBag>
	<textMargin l="-1" t="-1" r="-1" b="-1" />
	<bounds l="10" t="5" r="390" b="25" />
	<resize fontNm="Open Sans (Body)" fontSz="12" />
	<margins l="0" t="0" r="0" b="0" />
	<parLst />
	<plain />
	<hLinkLst />
</textBox>