<Document xmlns:xsi="http://www.w3.org/2001/XMLSchema-instance" xmlns:xsd="http://www.w3.org/2001/XMLSchema"> <Content>

<Block>
  <Style FlowDirection="LeftToRight"
		 LeadingMargin="18"
		 TrailingMargin="0"
		 FirstLineMargin="0"
		 Justification="Left"
		 DefaultTabStop="48"
		 CustomTabStops=""
		 ListLevel="0"
		 LineSpacingRule="Multiple"
		 LineSpacing="20"
		 SpacingBefore="0"
		 SpacingAfter="0">
	<BaseSpanStyle FontFamily="Open Sans" FontSize="12" FontIsBold="False" FontIsItalic="False" FontIsUnderline="False" FontIsStrikeout="False" UnderlineStyle="Normal" ForegroundColor="#000000" BackgroundColor="#000000,00" UnderlineColor="#000000,00" Elevation="Normal" Spacing="0" IgnoreKerningTable="False" DisplayCase="AsIs" LanguageId="0" LinkColor="#0000FF"><Shadow Offset="0x0" Color="#FFFFFF,00" /></BaseSpanStyle>
	<ListStyle ListType="None" ListTypeFormat="Plain" Start="0" Color="#000000,00" Size="100" />
  </Style>
  
  <Span Text="">
	<Style FontFamily=""
		   FontSize=""
		   FontIsBold=""
		   FontIsItalic=""
		   FontIsUnderline="False"
		   FontIsStrikeout="False"
		   UnderlineStyle="Normal"
		   ForegroundColor="#000000"
		   BackgroundColor="#000000,00"
		   UnderlineColor="#000000,00"
		   Elevation="Normal"
		   Spacing="0"
		   IgnoreKerningTable="False"
		   DisplayCase="AsIs"
		   LanguageId="0"
		   LinkColor="#0000FF">
	  <Shadow Offset="0x0" Color="#FFFFFF,00" />
	</Style>
  </Span>
</Block>

</Content> </Document>