<radio g=""
       verG=""
       typeName=""
       id=""
       name="Radio Button"
       state="107271"
       zOrder=""
       editCtx="Normal"
       initState="Normal"
       handCur="true"
       rot="-1"
       acc="true"
       grpId="Button Set 1"
       parentG="a0000001-0000-4000-0000-aa0000000000"
       autoFit="def"
       shdw="none"
       wrap="none"
       rtl="false"
       defHorzAlign="l"
       horzAlign="not"
       vertAlign="not"
       textDir="not"
       style="style2">
	<tmCtxLst />
	<animEffect />
	<childLst />
	<trigLst />
	
	<stateLst>
		
		<state g="8cb2d6e2-9a81-4aa3-b75f-ac975034f93f" verG="86bf4fa0-cf3b-4b4b-863d-fda18ee80bed" typeName="" id="0" state="2" showMasterSp="false" name="Normal" role="" resetMode="auto" layoutG="7f817a98-1fec-49af-97a0-9a010cd18ba4" stateG="00000000-0000-0000-0000-000000000000" showPlay="false" clrScheme="def" defG="e319b969-d6cc-4bc9-83e8-70d6d3f84465"><tmProps g="82b28b5c-ebce-4c57-b6de-564879fe8c80" verG="50ba8b6b-f16b-48e6-92b3-e835b1e98640" cur="0" min="5000" visible="true" hideAll="false" /><tmCtxLst version="1"><tmCtx g="5c784ff2-5d7d-496d-9707-bea5c937ee6b" verG="54423138-aced-4899-93ab-15c39f091ba0" start="0" dur="3000" min="250" max="0" hasMax="false" alwysShw="false" untilEnd="false" assetStart="0" name="" /></tmCtxLst><sz w="0"	h="0" /><trans /><bg shine="false"><noFill /><noLine /><reflection type="none" /><glow type="none" spread="0"><clr><schemeClr val="accent1" /></clr></glow><softEdge type="none" spread="0" /><foreClr><schemeClr val="dk1" /></foreClr><InnerStroke val="false" /></bg><shapeLst><radio g="e319b969-d6cc-4bc9-83e8-70d6d3f84465" verG="21d06b94-b108-410a-851a-7d2c85218503" typeName="" id="2" name="Radio Button" state="41223" zOrder="0" editCtx="Normal" initState="Normal" handCur="true" rot="-1" acc="true" autoFit="def" shdw="none" wrap="true" rtl="false" defHorzAlign="l" horzAlign="not" vertAlign="not" textDir="not" style="style1"><tmProps g="de60f8f4-9293-4df5-9ef3-c6a1c06204e8" verG="2839a510-40c2-433f-b65e-c9ac3ee1642e" cur="0" min="5000" visible="true" hideAll="false" /><tmCtxLst version="2"><txtTmCtx g="4ac63947-913a-498f-8258-e3bf0492a31f" verG="9d6847a2-bbce-4f37-ae11-18fbf42b15e8" start="0" dur="5000" min="250" max="0" hasMax="false" alwysShw="false" untilEnd="true" assetStart="0" name="" /></tmCtxLst><animEffect /><childLst /><trigLst /><stateLst /><bG><noFill /><noLine /><lineStyle w="0" scale="1" cap="def" join="def" dash="cstm" cmpnd="cstm"><arrow scale="1"><begin type="def" sz="def" /><end type="def" sz="def" /></arrow></lineStyle><shdw sz="-3.40282347E+38" blur="-3.40282347E+38" angle="-3.40282347E+38" dist="-3.40282347E+38"><preset val="cstm"	mode="cstm" /><clr /></shdw></bG><sldSz w="720" h="540" /><loc l="0" t="0" r="720" b="34" /><hLink enabled="false" trigG="00000000-0000-0000-0000-000000000000" /><text /><fmtText /><prstGeom><radio /></prstGeom><textMargin l="-1"	t="0"	r="30"	b="0" /><bounds l="43"	t="7"	r="690"	b="27" /><resize fontNm="Open Sans (Body)"	fontSz="12" /><margins l="33" t="0" r="0" b="0" /><parLst /><plain>%item01T%</plain><hLinkLst /><btnBg shine="false" penAlign="Center"><solidFill><clr><schemeClr val="lt1"><grad val="2" /></schemeClr></clr></solidFill><solidLine><clr><schemeClr val="lt1"><grad val="1" /></schemeClr></clr></solidLine><lineStyle w="2" scale="1" cap="flat" join="rnd" dash="sld" cmpnd="sng"><arrow scale="1"><begin type="none" sz="size5" /><end type="none" sz="size5" /></arrow></lineStyle><shdw sz="100" blur="5" angle="90" dist="5"><preset val="noShdw"	mode="noShdw" /><clr><srgbClr val="000000"><alpha val="43137" /></srgbClr></clr></shdw><reflection type="none" /><glow type="none" spread="0"><clr><schemeClr val="accent1" /></clr></glow><softEdge type="none" spread="0" /><foreClr><schemeClr val="lt1" /></foreClr><InnerStroke val="false" /></btnBg></radio></shapeLst><trigLst /><text/><shapeSz w="0" h="0" /></state>
		
		<state g="16767d93-8b42-4b43-8e46-8e6a868ba464" verG="eda955c8-5d43-48eb-a97b-c36631b0a6f8" typeName="" id="0" state="2" showMasterSp="false" name="_visited_" role="" resetMode="auto" layoutG="7f817a98-1fec-49af-97a0-9a010cd18ba4" stateG="00000000-0000-0000-0000-000000000000" showPlay="false" clrScheme="def" defG="355bd50e-660c-4957-908c-e26a6e757c04"><tmProps g="ae178e50-9532-4532-9c1c-417c9e846a1f" verG="1c7b45cb-0580-4c2d-88fa-35ca1dac5859" cur="0" min="5000" visible="true" hideAll="false" /><tmCtxLst version="1"><tmCtx g="508e2357-b41c-41c2-bb39-c31e502ac17d" verG="bfc9847d-87de-4a35-96a2-8011270a6f03" start="0" dur="3000" min="250" max="0" hasMax="false" alwysShw="false" untilEnd="false" assetStart="0" name="" /></tmCtxLst><sz w="0"	h="0" /><trans /><bg shine="false"><noFill /><noLine /><reflection type="none" /><glow type="none" spread="0"><clr><schemeClr val="accent1" /></clr></glow><softEdge type="none" spread="0" /><foreClr><schemeClr val="dk1" /></foreClr><InnerStroke val="false" /></bg><shapeLst><radio g="355bd50e-660c-4957-908c-e26a6e757c04" verG="fe633b36-805d-49ed-86a5-b6bd38a41c53" typeName="" id="3" name="Radio Button" state="41223" zOrder="0" editCtx="Normal" initState="Normal" handCur="true" rot="-1" acc="true" autoFit="def" shdw="none" wrap="none" rtl="false" defHorzAlign="l" horzAlign="not" vertAlign="not" textDir="not" style="style1"><tmProps g="de60f8f4-9293-4df5-9ef3-c6a1c06204e8" verG="2839a510-40c2-433f-b65e-c9ac3ee1642e" cur="0" min="5000" visible="true" hideAll="false" /><tmCtxLst version="2"><txtTmCtx g="4ac63947-913a-498f-8258-e3bf0492a31f" verG="9d6847a2-bbce-4f37-ae11-18fbf42b15e8" start="0" dur="5000" min="250" max="0" hasMax="false" alwysShw="false" untilEnd="true" assetStart="0" name="" /></tmCtxLst><animEffect /><childLst /><trigLst /><stateLst /><bG><lineStyle w="0" scale="1" cap="def" join="def" dash="cstm" cmpnd="cstm"><arrow scale="1"><begin type="def" sz="def" /><end type="def" sz="def" /></arrow></lineStyle><shdw sz="-3.40282347E+38" blur="-3.40282347E+38" angle="-3.40282347E+38" dist="-3.40282347E+38"><preset val="cstm"	mode="cstm" /><clr /></shdw></bG><sldSz w="720" h="540" /><loc l="0" t="0" r="720" b="34" /><hLink enabled="false" trigG="00000000-0000-0000-0000-000000000000" /><fmtText/><prstGeom><radio /></prstGeom><textMargin l="-1"	t="0"	r="30"	b="0" /><bounds l="43"	t="7"	r="690"	b="27" /><resize fontNm="Open Sans (Body)"	fontSz="12" /><margins l="33" t="0" r="0" b="0" /><parLst /><plain>%item01T%</plain><hLinkLst /><btnBg shine="false" penAlign="Center"><solidFill><clr><schemeClr val="lt1"><grad val="2" /></schemeClr></clr></solidFill><solidLine><clr><srgbClr val="4C7792" /></clr></solidLine><lineStyle w="4" scale="1" cap="flat" join="rnd" dash="sld" cmpnd="sng"><arrow scale="1"><begin type="none" sz="size5" /><end type="none" sz="size5" /></arrow></lineStyle><reflection type="none" /><glow type="none" spread="0"><clr><schemeClr val="accent1" /></clr></glow><softEdge type="none" spread="0" /><foreClr><srgbClr val="EA980D" /></foreClr><InnerStroke val="false" /></btnBg></radio></shapeLst><trigLst /><text/><shapeSz w="0" h="0" /></state>
		
		<state g="fc2de87c-6e3e-4a25-82d2-acc5b5bd8f1a" verG="aa78a2f2-c288-4a75-a5da-80e54f35ab63" typeName="" id="0" state="2" showMasterSp="false" name="_on_" role="" resetMode="auto" layoutG="7f817a98-1fec-49af-97a0-9a010cd18ba4" stateG="00000000-0000-0000-0000-000000000000" showPlay="false" clrScheme="def" defG="21448d86-5e0f-44f4-bc98-a36373766aa8"><tmProps g="ae178e50-9532-4532-9c1c-417c9e846a1f" verG="1c7b45cb-0580-4c2d-88fa-35ca1dac5859" cur="0" min="5000" visible="true" hideAll="false" /><tmCtxLst version="1"><tmCtx g="508e2357-b41c-41c2-bb39-c31e502ac17d" verG="bfc9847d-87de-4a35-96a2-8011270a6f03" start="0" dur="3000" min="250" max="0" hasMax="false" alwysShw="false" untilEnd="false" assetStart="0" name="" /></tmCtxLst><sz w="0" 	h="0" /><trans /><bg shine="false"><noFill /><noLine /><reflection type="none" /><glow type="none" spread="0"><clr><schemeClr val="accent1" /></clr></glow><softEdge type="none" spread="0" /><foreClr><schemeClr val="dk1" /></foreClr><InnerStroke val="false" /></bg><shapeLst><radio g="21448d86-5e0f-44f4-bc98-a36373766aa8" verG="5cc443c1-fa41-4a0d-9476-4e079daf3f74" typeName="" id="3" name="Radio Button" state="41223" zOrder="0" editCtx="Normal" initState="Normal" handCur="true" rot="-1" acc="true" autoFit="def" shdw="none" wrap="none" rtl="false" defHorzAlign="l" horzAlign="not" vertAlign="not" textDir="not" style="style1"><tmProps g="de60f8f4-9293-4df5-9ef3-c6a1c06204e8" verG="2839a510-40c2-433f-b65e-c9ac3ee1642e" cur="0" min="5000" visible="true" hideAll="false" /><tmCtxLst version="2"><txtTmCtx g="4ac63947-913a-498f-8258-e3bf0492a31f" verG="9d6847a2-bbce-4f37-ae11-18fbf42b15e8" start="0" dur="5000" min="250" max="0" hasMax="false" alwysShw="false" untilEnd="true" assetStart="0" name="" /></tmCtxLst><animEffect /><childLst /><trigLst /><stateLst /><bG><noFill /><noLine /><lineStyle w="0" scale="1" cap="def" join="def" dash="cstm" cmpnd="cstm"><arrow scale="1"><begin type="def" sz="def" /><end type="def" sz="def" /></arrow></lineStyle><shdw sz="-3.40282347E+38" blur="-3.40282347E+38" angle="-3.40282347E+38" dist="-3.40282347E+38"><preset val="cstm"	mode="cstm" /><clr /></shdw></bG><sldSz w="720" h="540" /><loc l="0" t="0" r="720" b="34" /><hLink enabled="false" trigG="00000000-0000-0000-0000-000000000000" /><fmtText/><prstGeom><radio /></prstGeom><textMargin l="-1"	t="0"	r="30"	b="0" /><bounds l="43"	t="7"	r="690"	b="27" /><resize fontNm="Open Sans (Body)"	fontSz="12" /><margins l="33" t="0" r="0" b="0" /><parLst /><plain>%item01T%</plain><hLinkLst /><btnBg shine="false" penAlign="Center"><solidFill><clr><srgbClr val="5F95B7" /></clr></solidFill><solidLine><clr><srgbClr val="4C7792" /></clr></solidLine><lineStyle w="4" scale="1" cap="flat" join="rnd" dash="sld" cmpnd="sng"><arrow scale="1"><begin type="none" sz="size5" /><end type="none" sz="size5" /></arrow></lineStyle><reflection type="none" /><glow type="none" spread="0"><clr><schemeClr val="accent1" /></clr></glow><softEdge type="none" spread="0" /><foreClr><srgbClr val="5F95B7" /></foreClr><InnerStroke val="false" /></btnBg></radio></shapeLst><trigLst /><text/><shapeSz w="0" h="0" /></state>
			
	</stateLst>
		
	<bG shine="false">
		<noFill />
		<noLine />
		<lineStyle w="3"
		           scale="1"
		           cap="flat"
		           join="rnd"
		           dash="sld"
		           cmpnd="sng">
			<arrow scale="1">
				<begin type="none"
				       sz="size5" />
				<end type="none"
				     sz="size5" />
			</arrow>
		</lineStyle>
		<shdw sz="100"
		      blur="4"
		      angle="90"
		      dist="4">
			<preset val="noShdw"
			        mode="noShdw" />
			<clr>
				<srgbClr val="000000">
					<alpha val="60000" />
				</srgbClr>
			</clr>
		</shdw>
		<reflection type="none" />
		<glow type="none"
		      spread="0">
			<clr>
				<schemeClr val="accent1" />
			</clr>
		</glow>
		<softEdge type="none"
		          spread="0" />
		<foreClr>
			<schemeClr val="dk1" />
		</foreClr>
		<InnerStroke val="false" />
	</bG>
	<sldSz w="720"
	       h="540" />
	<loc l="0"
	     t="70"
	     r="720"
	     b="104" />
	<hLink enabled="false"
	       trigG="00000000-0000-0000-0000-000000000000" />
	<fmtText/>
	<propBag>
		<prop>
			<key>oldsize</key>
			<val>
				<sz w="720"
				    h="540" />
			</val>
		</prop>
	</propBag>
	<prstGeom>
		<radio />
	</prstGeom>
	<textMargin l="-1"
	            t="-1"
	            r="-1"
	            b="-1" />
	<bounds l="0"
	        t="0"
	        r="0"
	        b="0" />
	<resize fontNm="Open Sans (Body)"
	        fontSz="12" />
	<margins l="33"
	         t="0"
	         r="0"
	         b="0" />
	<parLst />
	<hLinkLst />
	<btnBg shine="false">
		<noFill />
		<noLine />
		<lineStyle w="3"
		           scale="1"
		           cap="flat"
		           join="rnd"
		           dash="sld"
		           cmpnd="sng">
			<arrow scale="1">
				<begin type="none"
				       sz="size5" />
				<end type="none"
				     sz="size5" />
			</arrow>
		</lineStyle>
		<reflection type="none" />
		<glow type="none"
		      spread="0">
			<clr>
				<schemeClr val="accent1" />
			</clr>
		</glow>
		<softEdge type="none"
		          spread="0" />
		<foreClr>
			<schemeClr val="dk1" />
		</foreClr>
		<InnerStroke val="false" />
	</btnBg>
</radio>