<video g=""
       verG=""
       typeName=""
       id="1"
       name=""
       state="107079"
       zOrder="0"
       editCtx="Normal"
       initState=""
       handCur="true"
       rot="-1"
       acc="true"
       assetG=""
       
       autoFit="none"
       shdw="none"
       wrap="none"
       rtl="false"
       defHorzAlign="l"
       horzAlign="not"
       vertAlign="not"
       textDir="not"
       ansG=""
       canDel="true"
       canCopy="true"
       codec="h264"
       play="auto"
       vol="50"
       mute="false"
       showCtrls="false"
       full="false"
       loop="false"
       rew="false"
       thumbType="int"
       mode="vid"
       compressOnPublish="true"
       vidDispMode="sld"
       brwsrDispMode="none"
       vidSrcType="local"
       vidG="00000000-0000-0000-0000-000000000000"
       origThumbG="00000000-0000-0000-0000-000000000000"
       thumbG=""
       flvG="00000000-0000-0000-0000-000000000000"
       srcG="00000000-0000-0000-0000-000000000000">
	<tmCtxLst />
	<animEffect />
	<childLst />
	<trigLst />
	<stateLst />
	<bG>
		<lineStyle w="0"
		           scale="1"
		           cap="def"
		           join="def"
		           dash="cstm"
		           cmpnd="cstm">
			<arrow scale="1">
				<begin type="def"
				       sz="def" />
				<end type="def"
				     sz="def" />
			</arrow>
		</lineStyle>
		<shdw sz="100"
		      blur="5"
		      angle="90"
		      dist="5">
			<preset val="noShdw"
			        mode="noShdw" />
			<clr>
				<srgbClr val="000000">
					<alpha val="43137" />
				</srgbClr>
			</clr>
		</shdw>
	</bG>
	<sldSz w="720"
	       h="540" />
	<hLink enabled="false"
	       trigG="00000000-0000-0000-0000-000000000000" />
	<textMargin l="-1"
	            t="-1"
	            r="-1"
	            b="-1" />
	<bounds l="0"
	        t="0"
	        r="0"
	        b="0" />
	<resize fontNm="Open Sans (Body)"
	        fontSz="12" />
	<parLst />
	<plain/>
	<movie dur="43087"
	       fps="30">
		<sz w="200"
		    h="400" />
	</movie>
	<embed/>
	<url/>
</video>