﻿<?xml version="1.0" encoding="utf-8" standalone="yes"?><sld g="a080c6c8-33d2-4758-a6e7-4120d878f96b" verG="122ef18a-59e4-4fcf-aaa4-c282545695c4" typeName="" id="0" state="0" showMasterSp="false" name="" role="" resetMode="auto" layoutG="6542fcd3-deed-4e0e-9688-a7e80e56c0fb" stateG="00000000-0000-0000-0000-000000000000" showPlay="false" clrScheme="def" assetG="00000000-0000-0000-0000-000000000000" backVis="trans" layoutType="Content" hideToc="false" advMode="user" linkType="none" showInReview="true" zoomTransDur="1000" useNextTrans="true"><tmProps g="f8baccbe-e8a1-4301-9f1e-7267c2f27993" verG="5d693d0c-e1e7-4c2a-8e74-ee33e49180f0" cur="0" min="59419" visible="true" hideAll="false"><markers nextId="0" /></tmProps><sz w="0" h="0" /><trans /><bg><lineStyle w="0" scale="1" cap="def" join="def" dash="cstm" cmpnd="cstm"><arrow scale="1"><begin type="def" sz="def" /><end type="def" sz="def" /></arrow></lineStyle></bg><shapeLst><pic g="c794cdec-b59b-4473-a8d4-9f504668ba4c" verG="5d527f8e-7082-4882-8183-c82000967782" typeName="" id="1" name="Picture" state="106567" zOrder="0" editCtx="Normal" initState="" handCur="true" rot="-1" acc="true" assetG="de5e16cc-de63-4bc4-9e85-bf7fd532e738" imgSet="true" blend="srcCpy" useFileName="true" freeForm="false"><tmProps g="5ce0f555-3029-46a9-92b1-fb7c761120d7" verG="4ead6238-8dac-4fa4-8778-2e2f21aad16b" cur="0" min="5000" visible="true" hideAll="false" /><tmCtxLst version="2"><tmCtx g="7056c6b0-1343-41f7-afe0-9b63088b4caf" verG="98d0e612-4e8c-4609-8fbf-42d351af5424" start="0" dur="5000" min="250" max="0" hasMax="false" alwysShw="false" untilEnd="true" assetStart="0" name="" /></tmCtxLst><animEffect /><childLst /><trigLst /><stateLst /><bG><lineStyle w="0" scale="1" cap="def" join="def" dash="cstm" cmpnd="cstm"><arrow scale="1"><begin type="def" sz="def" /><end type="def" sz="def" /></arrow></lineStyle><shdw sz="-3.40282347E+38" blur="-3.40282347E+38" angle="-3.40282347E+38" dist="-3.40282347E+38"><preset val="cstm" mode="cstm" /><clr /></shdw></bG><sldSz w="720" h="540" /><loc l="292.5" t="127.5" r="427.5" b="412.5" /><hLink enabled="false" trigG="00000000-0000-0000-0000-000000000000" /><picFormat><offset /><tile mirror="Clamp">Clamp</tile><sourceRect l="0" t="0" r="0" b="0" /><pic><brightness /><contrast /><recolor><clr /></recolor><blend><clr /></blend></pic></picFormat></pic><video g="4d7bbc0d-0642-4ae6-af13-d900b1fc1e92" verG="6665bf12-93f2-4d65-b8d3-405e2be2d6f7" typeName="" id="1" name="Video" state="106567" zOrder="1" editCtx="Normal" initState="" handCur="true" rot="-1" acc="true" assetG="89499045-622e-49d1-bda5-0e750996a423" autoFit="none" shdw="none" wrap="none" rtl="false" defHorzAlign="l" horzAlign="not" vertAlign="not" textDir="not" ansG="936315db-50b5-42fd-8f93-304917a4006e" canDel="true" canCopy="true" codec="h264" play="auto" vol="50" mute="false" showCtrls="false" full="false" loop="false" rew="false" thumbType="int" mode="vid" compressOnPublish="true" vidDispMode="sld" brwsrDispMode="none" vidSrcType="local" vidG="00000000-0000-0000-0000-000000000000" origThumbG="00000000-0000-0000-0000-000000000000" thumbG="b9669513-bb7b-429c-81ff-3d20f22afc76" flvG="00000000-0000-0000-0000-000000000000" srcG="00000000-0000-0000-0000-000000000000"><tmProps g="a91cda8f-b366-438c-8277-11e2d0643291" verG="c14b1b00-ecb1-4c9b-b9f0-415fe49736d9" cur="0" min="5000" visible="true" hideAll="false" /><tmCtxLst version="2"><vidTmCtx g="780950d4-d226-4820-879b-ebf890d160de" verG="06844cac-6930-4cab-b493-7a5655f712d6" start="0" dur="27407" min="250" max="0" hasMax="false" alwysShw="false" untilEnd="true" assetStart="0" name="" /></tmCtxLst><animEffect /><childLst /><trigLst /><stateLst /><bG><lineStyle w="0" scale="1" cap="def" join="def" dash="cstm" cmpnd="cstm"><arrow scale="1"><begin type="def" sz="def" /><end type="def" sz="def" /></arrow></lineStyle><shdw sz="100" blur="5" angle="90" dist="5"><preset val="noShdw" mode="noShdw" /><clr><srgbClr val="000000"><alpha val="43137" /></srgbClr></clr></shdw></bG><sldSz w="720" h="540" /><loc l="260" t="60" r="460" b="480" /><hLink enabled="false" trigG="00000000-0000-0000-0000-000000000000" /><textMargin l="-1" t="-1" r="-1" b="-1" /><bounds l="0" t="0" r="0" b="0" /><resize fontNm="Open Sans (Body)" fontSz="12" /><parLst /><plain></plain><movie dur="27407" fps="30"><sz w="200" h="420" /></movie><embed></embed><url></url></video><sound g="62778378-215c-41c9-aa5f-b0e1f5b6aff8" verG="8d746c55-5a97-4610-af55-39ebe669b8aa" typeName="" id="1" name="5z3t3iwSiLm.mp3" state="106503" zOrder="2" editCtx="Normal" initState="" handCur="true" rot="-1" acc="true" assetG="9e504d76-aa23-45b5-a94e-d8ffb20ca881"><tmProps g="95d780f1-d0f7-4928-8423-7ef6d709ac8b" verG="b696812c-9f8c-41df-981e-f86cf1a2b5fd" cur="0" min="5000" visible="true" hideAll="false" /><tmCtxLst version="1"><sndTmCtx g="b9251705-a05c-4c56-8c79-5f771485a111" verG="786d3bb8-fe58-469d-a645-810509769e3e" start="0" dur="59419" min="250" max="0" hasMax="false" alwysShw="false" untilEnd="false" assetStart="0" name="" audioStart="0" /></tmCtxLst><animEffect /><childLst /><trigLst /><stateLst /><bG><lineStyle w="0" scale="1" cap="def" join="def" dash="cstm" cmpnd="cstm"><arrow scale="1"><begin type="def" sz="def" /><end type="def" sz="def" /></arrow></lineStyle><shdw sz="-3.40282347E+38" blur="-3.40282347E+38" angle="-3.40282347E+38" dist="-3.40282347E+38"><preset val="cstm" mode="cstm" /><clr /></shdw></bG><sldSz w="720" h="540" /><loc l="-38" t="511" r="-8" b="540" /><hLink enabled="false" trigG="00000000-0000-0000-0000-000000000000" /><sndProps vol="50" mute="false" loop="false" playAll="false" advMode="auto"><origFile>E:\wbt_storyline_locale\25_08 - Tariffe - Cattolica\Gli elementi costitutivi delle tariffe_U3\2_audio.aiff</origFile></sndProps></sound></shapeLst><trigLst><trig g="c5330bcc-54b1-4bcd-be3a-68e870f786ae" verG="8cda3c70-3671-4c16-bad6-e32a7268a04b" name="Navigation" type="user" edit="variablename, subslides, keypresskeys, actions, operators, variablevalue, variableoperators" group="next" copiedG="a080c6c8-33d2-4758-a6e7-4120d878f96b"><data enabled="true" event="OnNextButtonClick" action="jumpToSlide" actSubType="next"><keyPress keys="None" case="false" /><slide showNav="false" /><scene /><shape setStateName="" stateInclude="all" statesNot="are" stateName=""><stateLst /><dropLst /><hoverLst /></shape><clickLst /><sldLayer /><video /><audio /><other open="" email="" js="" op="ass" varVal1="" useVar="false" dblVal="0" boolVal="False" time="PT0S" cuePoint="0" /><interaction /><frame actionG="0ec0db78-2e1d-4919-bde6-6824587f77c4" restore="true" /></data><condLst /></trig><trig g="ae475cc5-601c-414e-82c1-df8dc7d39471" verG="76b06da1-dda9-4614-93c3-02d709305d06" name="Previous" type="user" edit="variablename, subslides, keypresskeys, actions, operators, variablevalue, variableoperators" group="none" copiedG="a080c6c8-33d2-4758-a6e7-4120d878f96b"><data enabled="true" event="OnClick" action="jumpToSlide" actSubType="prev"><keyPress keys="None" case="false" /><slide showNav="false" /><scene /><shape setStateName="" stateInclude="all" statesNot="are" stateName=""><stateLst /><dropLst /><hoverLst /></shape><clickLst /><sldLayer /><video /><audio /><other open="" email="" js="" op="ass" varVal1="" useVar="false" dblVal="0" boolVal="False" time="PT0S" cuePoint="0" /><interaction /><frame actionG="ae475cc5-601c-414e-82c1-df8dc7d39471" restore="true" /></data><condLst /></trig></trigLst><note></note><szCalc mode="scale" fillA="tl" v="1"><cropRect l="0" t="0" r="0" b="0" /><currSz w="0" h="0" /><lastSz w="0" h="0" /></szCalc><thumb g="bcd68e61-51bc-4e14-86cc-c5960e94879b" sz="300" /><panTime g="6bfb4b7c-8195-4e7d-a2b9-e807774e4e0a" verG="e24a9e25-315b-4541-8d67-ef1a7f418c03" typeName="" hide="false" lock="false"><tmProps g="93036c18-f817-4851-b36a-37ece88d2927" verG="d2bf72fb-cb5a-4b30-880d-83de5039b688" cur="0" min="5000" visible="true" hideAll="false" /><tmCtxLst version="0" /></panTime><panRect g="6d9adce2-0100-4042-b637-f92223f2fa38"><rect l="0" t="0" r="0" b="0" /></panRect></sld>