﻿<?xml version="1.0" encoding="utf-8" standalone="yes"?><layout g="eaf0b9d3-7393-4c60-bf50-9e34540990af" verG="a740469f-c545-4086-bb2c-34bdfb074a90" typeName="" id="0" state="0" showMasterSp="false" name="Title Only" role="Content" resetMode="auto" layoutG="7f817a98-1fec-49af-97a0-9a010cd18ba4" stateG="00000000-0000-0000-0000-000000000000" showPlay="false" clrScheme="def" assetG="00000000-0000-0000-0000-000000000000" backVis="trans" layoutType="Content" hideToc="false" internalG="160bcda4-5d73-45be-829d-57984bf59cd2" copyG="b3196944-abf5-4131-989a-52d1b8e3a23a" useCnt="0"><tmProps g="403094ba-dee2-48f3-b90e-6f34ac2889bb" verG="66116894-93b9-4f86-8963-90341cd634b4" cur="0" min="5000" visible="true" hideAll="false"><markers nextId="0" /></tmProps><tmCtxLst version="1"><tmCtx g="aec766f4-82fe-4541-9e7c-2017a2af0ad4" verG="569f9126-cafd-4f7f-9b92-6b895148c8c8" start="0" dur="3000" min="3000" max="0" hasMax="false" alwysShw="false" untilEnd="false" assetStart="0" name="" /></tmCtxLst><sz w="0" h="0" /><trans dur="PT0.5S" /><bg><lineStyle w="0" scale="1" cap="def" join="def" dash="cstm" cmpnd="cstm"><arrow scale="1"><begin type="def" sz="def" /><end type="def" sz="def" /></arrow></lineStyle><shdw sz="-3.40282347E+38" blur="-3.40282347E+38" angle="-3.40282347E+38" dist="-3.40282347E+38"><preset val="cstm" mode="cstm" /><clr /></shdw><frmt3d material="none" lighting="none" angle="0"><bevel top="cstm" bottom="cstm"><topSz w="0" h="0" /><bottomSz w="0" h="0" /></bevel><depth val="0"><clr /></depth><contour sz="0"><clr><srgbClr val="000000" /></clr></contour></frmt3d><rot3d x="0" y="0" z="0" pers="0" flat="false" dist="0" /><reflection type="none" /><softEdge type="none" spread="0" /></bg><shapeLst><ph g="64be1700-aa67-4b54-9c18-f9e7e76b0f2b" verG="c6ac8467-52b6-44f5-97af-e5962ac26271" typeName="" id="1" state="57607" zOrder="0" editCtx="Normal" initState="" handCur="true" rot="0" acc="true" opac="100" autoFit="def" shdw="none" wrap="none" rtl="false" defHorzAlign="l" horzAlign="not" vertAlign="m" textDir="not"><tmProps g="a66f606e-3a04-45b4-b525-bf3bb4b00425" verG="e459784f-f34a-468f-9cdd-c60fc422724e" cur="0" min="5000" visible="true" hideAll="false"><markers nextId="0" /></tmProps><tmCtxLst version="0"><txtTmCtx g="b917f19e-cdb7-4a29-875c-ab970df44d64" verG="be0225e0-e28f-4975-8d26-0b628f88b580" start="0" dur="3000" min="250" max="0" hasMax="false" alwysShw="false" untilEnd="true" assetStart="0" name="" /></tmCtxLst><animEffect /><childLst /><trigLst /><stateLst /><bG><lineStyle w="0" scale="1" cap="def" join="def" dash="cstm" cmpnd="cstm"><arrow scale="1"><begin type="def" sz="def" /><end type="def" sz="def" /></arrow></lineStyle><shdw sz="-3.40282347E+38" blur="-3.40282347E+38" angle="-3.40282347E+38" dist="-3.40282347E+38"><preset val="cstm" mode="cstm" /><clr /></shdw><frmt3d material="none" lighting="none" angle="0"><bevel top="cstm" bottom="none"><topSz w="0" h="0" /><bottomSz w="0" h="0" /></bevel><depth val="0"><clr /></depth><contour sz="0"><clr><srgbClr val="000000" /></clr></contour></frmt3d><rot3d x="0" y="0" z="0" pers="0" flat="false" dist="0" /></bG><sldSz w="960" h="720" /><loc l="48" t="29" r="912" b="149" /><hLink enabled="false" trigG="00000000-0000-0000-0000-000000000000" /><ph type="title" /><textMargin l="-1" t="-1" r="-1" b="-1" /><bounds l="10" t="26" r="638" b="64" /><resize fontNm="Calibri" fontSz="44" /><margins l="0" t="0" r="0" b="0" /><parLst /><plain></plain><hLinkLst /><defaults font="" sz="0" style="Bold, Italic, Underline, Strikeout" capType="not" horzAlign="not" vertAlign="not" textDir="not" textShadow="none" zoom="false"><foreClr /></defaults></ph></shapeLst><trigLst /><note></note><szCalc mode="scale" fillA="tl" v="1"><cropRect l="0" t="0" r="0" b="0" /><currSz w="0" h="0" /><lastSz w="0" h="0" /></szCalc></layout>