﻿<?xml version="1.0" encoding="utf-8" standalone="yes"?><layout g="545ec60f-29b8-411e-9930-5f93aa17b3cc" verG="bb97a06b-e630-4505-98bd-83a6c37151ed" typeName="" id="0" state="2" showMasterSp="false" name="Thank You Feedback" role="ThankYou" resetMode="auto" layoutG="7f817a98-1fec-49af-97a0-9a010cd18ba4" stateG="00000000-0000-0000-0000-000000000000" showPlay="false" clrScheme="def" assetG="00000000-0000-0000-0000-000000000000" backVis="trans" layoutType="Content" hideToc="false" internalG="678f58bd-e548-4fca-98dd-04515109d6f3" copyG="6528c2d2-7869-4a2b-b335-3130987c7af1" useCnt="0"><tmProps g="7bddb68f-e22b-4c09-8567-bb0781d6319e" verG="315736bf-f09d-45a7-9618-a34107ecc7cf" cur="0" min="5000" visible="true" hideAll="false"><markers nextId="0" /></tmProps><tmCtxLst version="1"><tmCtx g="12b2c326-96af-4848-b7f2-d6c5e01c304b" verG="1c2ee076-1c04-4785-b6fb-e1cb186cc341" start="0" dur="3000" min="3000" max="0" hasMax="false" alwysShw="false" untilEnd="false" assetStart="0" name="" /></tmCtxLst><sz w="0" h="0" /><trans dur="PT0.5S" /><bg><lineStyle w="0" scale="1" cap="def" join="def" dash="cstm" cmpnd="cstm"><arrow scale="1"><begin type="def" sz="def" /><end type="def" sz="def" /></arrow></lineStyle><shdw sz="-3.40282347E+38" blur="-3.40282347E+38" angle="-3.40282347E+38" dist="-3.40282347E+38"><preset val="cstm" mode="cstm" /><clr /></shdw><frmt3d material="none" lighting="none" angle="0"><bevel top="cstm" bottom="none"><topSz w="0" h="0" /><bottomSz w="0" h="0" /></bevel><depth val="0"><clr /></depth><contour sz="0"><clr><srgbClr val="000000" /></clr></contour></frmt3d><rot3d x="0" y="0" z="0" pers="0" flat="false" dist="0" /></bg><shapeLst><btnPh g="bf8d1511-73c5-4a19-9fb7-58f258f569ca" verG="40523351-c76c-4f7b-8f8f-487e8817eb77" typeName="" id="1" name="Button" state="114695" zOrder="0" editCtx="Normal" initState="" handCur="true" rot="-1" acc="true" autoFit="def" shdw="none" wrap="none" rtl="false" defHorzAlign="l" horzAlign="not" vertAlign="not" textDir="not" style="def" defTxtShdw="True"><tmProps g="9a606d04-1943-4d47-a9b5-61579502645a" verG="ccd05d21-2ba6-4deb-8070-c8d857d5be8f" cur="0" min="5000" visible="true" hideAll="false" /><tmCtxLst version="2"><txtTmCtx g="759cbbc6-5265-4df6-a696-696abffbdea3" verG="747c05ce-f870-48fc-a644-05907a1381ab" start="0" dur="3000" min="3000" max="0" hasMax="false" alwysShw="false" untilEnd="true" assetStart="0" name="" /></tmCtxLst><animEffect /><childLst /><trigLst /><stateLst><state g="bc9cc367-7837-48c7-aafb-955f00626f25" verG="e8ad42ce-cc0d-4a71-bbaa-90ec7888c7a7" typeName="" id="0" state="2" showMasterSp="false" name="Normal" role="" resetMode="auto" layoutG="7f817a98-1fec-49af-97a0-9a010cd18ba4" stateG="00000000-0000-0000-0000-000000000000" showPlay="false" clrScheme="def" defG="bf8d1511-73c5-4a19-9fb7-58f258f569ca"><tmProps g="bc53b163-3576-4882-b0ba-b61f85af12ee" verG="6e0792be-d9e2-4c3b-a3c5-a02a5abac71d" cur="0" min="5000" visible="true" hideAll="false" /><tmCtxLst version="1"><tmCtx g="68a48d75-85b8-4b97-9950-bf33bcd8ff36" verG="a38044c2-d355-4aa6-8360-21aa27cabf30" start="0" dur="3000" min="3000" max="0" hasMax="false" alwysShw="false" untilEnd="false" assetStart="0" name="" /></tmCtxLst><sz w="0" h="0" /><trans /><bg><lineStyle w="0" scale="1" cap="def" join="def" dash="cstm" cmpnd="cstm"><arrow scale="1"><begin type="def" sz="def" /><end type="def" sz="def" /></arrow></lineStyle><gradOvrlyFill type="def" style="def" rot="none" angle="3.40282347E+38" blendMode="def" alpha="-1" scale="-1" reverse="none" adjustY="-2147483648" overlayFillType="Default"><centerPt x="-1" y="-1" /><fillRect l="0" t="0" r="0" b="0" /><stops /></gradOvrlyFill><shdw sz="-3.40282347E+38" blur="-3.40282347E+38" angle="-3.40282347E+38" dist="-3.40282347E+38"><preset val="cstm" mode="cstm" /><clr /></shdw><frmt3d material="none" lighting="none" angle="0"><bevel top="cstm" bottom="none"><topSz w="0" h="0" /><bottomSz w="0" h="0" /></bevel><depth val="0"><clr /></depth><contour sz="0"><clr><srgbClr val="000000" /></clr></contour></frmt3d><rot3d x="0" y="0" z="0" pers="0" flat="false" dist="0" /></bg><shapeLst><btnPh g="bf8d1511-73c5-4a19-9fb7-58f258f569ca" verG="aa994c38-24cd-497e-bd8c-87f8ed3caabb" typeName="" id="2" name="Text Box" state="32775" zOrder="0" editCtx="Normal" initState="" handCur="true" rot="-1" acc="true" autoFit="def" shdw="false" wrap="none" rtl="false" defHorzAlign="l" horzAlign="not" vertAlign="not" textDir="not" style="def" defTxtShdw="True"><tmProps g="9a606d04-1943-4d47-a9b5-61579502645a" verG="ccd05d21-2ba6-4deb-8070-c8d857d5be8f" cur="0" min="5000" visible="true" hideAll="false" /><tmCtxLst version="1"><txtTmCtx g="759cbbc6-5265-4df6-a696-696abffbdea3" verG="07d806f5-7ce0-4bdb-9d39-8877f542663e" start="0" dur="3000" min="3000" max="0" hasMax="false" alwysShw="false" untilEnd="false" assetStart="0" name="" /></tmCtxLst><animEffect /><childLst /><trigLst /><stateLst /><bG qsG="ac0f78cd-681e-4e34-bcb5-3d233421c2e1"><lineStyle w="0" scale="1" cap="def" join="def" dash="cstm" cmpnd="cstm"><arrow scale="1"><begin type="def" sz="def" /><end type="def" sz="def" /></arrow></lineStyle><gradOvrlyFill type="lin" style="def" rot="none" angle="3.40282347E+38" blendMode="ovrly" alpha="0.4" scale="1" reverse="none" adjustY="0" overlayFillType="Gradient"><centerPt x="-1" y="-1" /><fillRect l="0" t="0" r="0" b="0" /><stops /></gradOvrlyFill><shdw sz="-3.40282347E+38" blur="-3.40282347E+38" angle="-3.40282347E+38" dist="-3.40282347E+38"><preset val="cstm" mode="cstm" /><clr /></shdw><frmt3d material="none" lighting="none" angle="0"><bevel top="cstm" bottom="cstm"><topSz w="0" h="0" /><bottomSz w="0" h="0" /></bevel><depth val="0"><clr /></depth><contour sz="0"><clr><srgbClr val="000000" /></clr></contour></frmt3d><rot3d x="0" y="0" z="0" pers="0" flat="false" dist="0" /></bG><sldSz w="720" h="540" /><loc l="0" t="0" r="125" b="30" /><hLink enabled="false" trigG="00000000-0000-0000-0000-000000000000" /><text>{\rtf1\ansi\ansicpg1252\deff0\deflang1033{\fonttbl{\f0\fnil\fcharset0 &lt;!fontname&gt;;}}
{\colortbl ;\red&lt;!red&gt;\green&lt;!green&gt;\blue&lt;!blue&gt;;}
\viewkind4\uc1\pard&lt;!palign&gt;\cf1\f0\fs&lt;!fontsize&gt;\par
}
</text><prstGeom><button /></prstGeom><textMargin l="-1" t="-1" r="-1" b="-1" /><bounds l="0" t="0" r="0" b="0" /><resize fontNm="" fontSz="0" /><parLst /><plain></plain><hLinkLst /><pict val="Default" align="def"><clr /></pict><defaults sz="0" style="Bold, Italic, Underline, Strikeout" capType="not" horzAlign="not" vertAlign="not" textDir="not" textShadow="none" zoom="false"><foreClr /></defaults></btnPh></shapeLst><trigLst /><text></text><shapeSz w="0" h="0" /></state><state g="73337bea-142f-4357-8355-d11b597f702d" verG="93fb4522-2ada-4756-8762-5814862ca8a1" typeName="" id="0" state="2" showMasterSp="false" name="Hover" role="" resetMode="auto" layoutG="7f817a98-1fec-49af-97a0-9a010cd18ba4" stateG="00000000-0000-0000-0000-000000000000" showPlay="false" clrScheme="def" defG="bf8d1511-73c5-4a19-9fb7-58f258f569ca"><tmProps g="1692bb1a-0024-4ae3-aaa8-a7e4d79b6260" verG="fd655bd4-5476-4724-85e3-faa833b25448" cur="0" min="5000" visible="true" hideAll="false" /><tmCtxLst version="1"><tmCtx g="56cb714a-dc0f-4f4e-ae49-98de4d9997e4" verG="ef84fb0c-6cd0-42df-8569-ca16892b1f6d" start="0" dur="3000" min="3000" max="0" hasMax="false" alwysShw="false" untilEnd="false" assetStart="0" name="" /></tmCtxLst><sz w="0" h="0" /><trans /><bg><lineStyle w="0" scale="1" cap="def" join="def" dash="cstm" cmpnd="cstm"><arrow scale="1"><begin type="def" sz="def" /><end type="def" sz="def" /></arrow></lineStyle><gradOvrlyFill type="def" style="def" rot="none" angle="3.40282347E+38" blendMode="def" alpha="-1" scale="-1" reverse="none" adjustY="-2147483648" overlayFillType="Default"><centerPt x="-1" y="-1" /><fillRect l="0" t="0" r="0" b="0" /><stops /></gradOvrlyFill><shdw sz="-3.40282347E+38" blur="-3.40282347E+38" angle="-3.40282347E+38" dist="-3.40282347E+38"><preset val="cstm" mode="cstm" /><clr /></shdw><frmt3d material="none" lighting="none" angle="0"><bevel top="cstm" bottom="none"><topSz w="0" h="0" /><bottomSz w="0" h="0" /></bevel><depth val="0"><clr /></depth><contour sz="0"><clr><srgbClr val="000000" /></clr></contour></frmt3d><rot3d x="0" y="0" z="0" pers="0" flat="false" dist="0" /></bg><shapeLst><btnPh g="bf8d1511-73c5-4a19-9fb7-58f258f569ca" verG="12595052-be55-494d-a75f-975a9541a67e" typeName="" id="3" name="Text Box" state="32775" zOrder="0" editCtx="Normal" initState="" handCur="true" rot="-1" acc="true" autoFit="def" shdw="none" wrap="none" rtl="false" defHorzAlign="l" horzAlign="not" vertAlign="not" textDir="not" style="def" defTxtShdw="True"><tmProps g="9a606d04-1943-4d47-a9b5-61579502645a" verG="ccd05d21-2ba6-4deb-8070-c8d857d5be8f" cur="0" min="5000" visible="true" hideAll="false" /><tmCtxLst version="1"><txtTmCtx g="759cbbc6-5265-4df6-a696-696abffbdea3" verG="07d806f5-7ce0-4bdb-9d39-8877f542663e" start="0" dur="3000" min="3000" max="0" hasMax="false" alwysShw="false" untilEnd="false" assetStart="0" name="" /></tmCtxLst><animEffect /><childLst /><trigLst /><stateLst /><bG><solidLine><clr><srgbClr val="000000"><alpha val="54901" /></srgbClr></clr></solidLine><lineStyle w="0" scale="1" cap="def" join="def" dash="cstm" cmpnd="cstm"><arrow scale="1"><begin type="def" sz="def" /><end type="def" sz="def" /></arrow></lineStyle><gradOvrlyFill type="def" style="def" rot="none" angle="3.40282347E+38" blendMode="def" alpha="0.55" scale="-1" reverse="none" adjustY="-2147483648" overlayFillType="Default"><centerPt x="-1" y="-1" /><fillRect l="0" t="0" r="0" b="0" /><stops /></gradOvrlyFill><shdw sz="-3.40282347E+38" blur="-3.40282347E+38" angle="-3.40282347E+38" dist="-3.40282347E+38"><preset val="cstm" mode="cstm" /><clr /></shdw><frmt3d material="none" lighting="none" angle="0"><bevel top="cstm" bottom="cstm"><topSz w="0" h="0" /><bottomSz w="0" h="0" /></bevel><depth val="0"><clr /></depth><contour sz="0"><clr><srgbClr val="000000" /></clr></contour></frmt3d><rot3d x="0" y="0" z="0" pers="0" flat="false" dist="0" /></bG><sldSz w="720" h="540" /><loc l="0" t="0" r="150" b="40" /><hLink enabled="false" trigG="00000000-0000-0000-0000-000000000000" /><prstGeom><button /></prstGeom><textMargin l="-1" t="-1" r="-1" b="-1" /><bounds l="0" t="0" r="0" b="0" /><resize fontNm="" fontSz="0" /><parLst /><plain></plain><hLinkLst /><pict val="Default" align="def"><clr /></pict><defaults sz="0" style="Bold, Italic, Underline, Strikeout" capType="not" horzAlign="not" vertAlign="not" textDir="not" textShadow="none" zoom="false"><foreClr /></defaults></btnPh></shapeLst><trigLst /><text></text><shapeSz w="0" h="0" /></state><state g="7deea0d6-2e09-49b3-bbe9-49c779d9ec85" verG="8c1b49b5-5f22-4696-ac52-41e4d2dc56fa" typeName="" id="0" state="2" showMasterSp="false" name="Down" role="" resetMode="auto" layoutG="7f817a98-1fec-49af-97a0-9a010cd18ba4" stateG="00000000-0000-0000-0000-000000000000" showPlay="false" clrScheme="def" defG="bf8d1511-73c5-4a19-9fb7-58f258f569ca"><tmProps g="9b18de7a-4c30-4718-9c69-1a21fc706955" verG="66028086-e993-4a6a-b45a-4554fe9c347e" cur="0" min="5000" visible="true" hideAll="false" /><tmCtxLst version="1"><tmCtx g="f425f32c-6870-4e55-b0d7-2ef55dae3a30" verG="81e482ce-4dcc-4b0d-86bf-ae9bd6095ca6" start="0" dur="3000" min="3000" max="0" hasMax="false" alwysShw="false" untilEnd="false" assetStart="0" name="" /></tmCtxLst><sz w="0" h="0" /><trans /><bg><lineStyle w="0" scale="1" cap="def" join="def" dash="cstm" cmpnd="cstm"><arrow scale="1"><begin type="def" sz="def" /><end type="def" sz="def" /></arrow></lineStyle><gradOvrlyFill type="def" style="def" rot="none" angle="3.40282347E+38" blendMode="def" alpha="-1" scale="-1" reverse="none" adjustY="-2147483648" overlayFillType="Default"><centerPt x="-1" y="-1" /><fillRect l="0" t="0" r="0" b="0" /><stops /></gradOvrlyFill><shdw sz="-3.40282347E+38" blur="-3.40282347E+38" angle="-3.40282347E+38" dist="-3.40282347E+38"><preset val="cstm" mode="cstm" /><clr /></shdw><frmt3d material="none" lighting="none" angle="0"><bevel top="cstm" bottom="none"><topSz w="0" h="0" /><bottomSz w="0" h="0" /></bevel><depth val="0"><clr /></depth><contour sz="0"><clr><srgbClr val="000000" /></clr></contour></frmt3d><rot3d x="0" y="0" z="0" pers="0" flat="false" dist="0" /></bg><shapeLst><btnPh g="bf8d1511-73c5-4a19-9fb7-58f258f569ca" verG="c17e49d0-4e93-44fe-967d-9d9af79f094d" typeName="" id="3" name="Text Box" state="32775" zOrder="0" editCtx="Normal" initState="" handCur="true" rot="-1" acc="true" autoFit="def" shdw="none" wrap="none" rtl="false" defHorzAlign="l" horzAlign="not" vertAlign="not" textDir="not" style="def" defTxtShdw="True"><tmProps g="9a606d04-1943-4d47-a9b5-61579502645a" verG="ccd05d21-2ba6-4deb-8070-c8d857d5be8f" cur="0" min="5000" visible="true" hideAll="false" /><tmCtxLst version="1"><txtTmCtx g="759cbbc6-5265-4df6-a696-696abffbdea3" verG="07d806f5-7ce0-4bdb-9d39-8877f542663e" start="0" dur="3000" min="3000" max="0" hasMax="false" alwysShw="false" untilEnd="false" assetStart="0" name="" /></tmCtxLst><animEffect /><childLst /><trigLst /><stateLst /><bG><lineStyle w="0" scale="1" cap="def" join="def" dash="cstm" cmpnd="cstm"><arrow scale="1"><begin type="def" sz="def" /><end type="def" sz="def" /></arrow></lineStyle><gradOvrlyFill type="def" style="def" rot="none" angle="3.40282347E+38" blendMode="def" alpha="0.25" scale="-1" reverse="true" adjustY="-2147483648" overlayFillType="Default"><centerPt x="-1" y="-1" /><fillRect l="0" t="0" r="0" b="0" /><stops /></gradOvrlyFill><shdw sz="-3.40282347E+38" blur="-3.40282347E+38" angle="-3.40282347E+38" dist="-3.40282347E+38"><preset val="cstm" mode="cstm" /><clr /></shdw><frmt3d material="none" lighting="none" angle="0"><bevel top="cstm" bottom="cstm"><topSz w="0" h="0" /><bottomSz w="0" h="0" /></bevel><depth val="0"><clr /></depth><contour sz="0"><clr><srgbClr val="000000" /></clr></contour></frmt3d><rot3d x="0" y="0" z="0" pers="0" flat="false" dist="0" /><innerStroke val="true" w="3"><clr><srgbClr val="000000"><alpha val="40000" /></srgbClr></clr></innerStroke></bG><sldSz w="720" h="540" /><loc l="0" t="0" r="150" b="40" /><hLink enabled="false" trigG="00000000-0000-0000-0000-000000000000" /><prstGeom><button /></prstGeom><textMargin l="-1" t="-1" r="-1" b="-1" /><bounds l="0" t="0" r="0" b="0" /><resize fontNm="" fontSz="0" /><parLst /><plain></plain><hLinkLst /><pict val="Default" align="def"><clr /></pict><defaults sz="0" style="Bold, Italic, Underline, Strikeout" capType="not" horzAlign="not" vertAlign="not" textDir="not" textShadow="none" zoom="false"><foreClr /></defaults></btnPh></shapeLst><trigLst /><text></text><shapeSz w="0" h="0" /></state><state g="10bfe390-3a84-4824-b9f2-fd88f66406d1" verG="081cdf43-47d0-43be-ad78-53a6576715a9" typeName="" id="0" state="2" showMasterSp="false" name="Visited" role="" resetMode="auto" layoutG="7f817a98-1fec-49af-97a0-9a010cd18ba4" stateG="00000000-0000-0000-0000-000000000000" showPlay="false" clrScheme="def" defG="bf8d1511-73c5-4a19-9fb7-58f258f569ca"><tmProps g="515a0620-c727-40f9-8d8f-faaad74b804c" verG="bb1a3ea4-f5cf-49bd-90ce-38ed859de035" cur="0" min="5000" visible="true" hideAll="false" /><tmCtxLst version="1"><tmCtx g="d4e849d6-2358-4406-85a9-22c88755a6d0" verG="c79365b1-a65b-4cc8-8a8e-95b88903c553" start="0" dur="3000" min="3000" max="0" hasMax="false" alwysShw="false" untilEnd="false" assetStart="0" name="" /></tmCtxLst><sz w="0" h="0" /><trans /><bg><lineStyle w="0" scale="1" cap="def" join="def" dash="cstm" cmpnd="cstm"><arrow scale="1"><begin type="def" sz="def" /><end type="def" sz="def" /></arrow></lineStyle><gradOvrlyFill type="def" style="def" rot="none" angle="3.40282347E+38" blendMode="def" alpha="-1" scale="-1" reverse="none" adjustY="-2147483648" overlayFillType="Default"><centerPt x="-1" y="-1" /><fillRect l="0" t="0" r="0" b="0" /><stops /></gradOvrlyFill><shdw sz="-3.40282347E+38" blur="-3.40282347E+38" angle="-3.40282347E+38" dist="-3.40282347E+38"><preset val="cstm" mode="cstm" /><clr /></shdw><frmt3d material="none" lighting="none" angle="0"><bevel top="cstm" bottom="none"><topSz w="0" h="0" /><bottomSz w="0" h="0" /></bevel><depth val="0"><clr /></depth><contour sz="0"><clr><srgbClr val="000000" /></clr></contour></frmt3d><rot3d x="0" y="0" z="0" pers="0" flat="false" dist="0" /></bg><shapeLst><btnPh g="bf8d1511-73c5-4a19-9fb7-58f258f569ca" verG="fa3c70fa-e215-4eb1-af91-f151f2b0cf07" typeName="" id="3" name="Text Box" state="32775" zOrder="0" editCtx="Normal" initState="" handCur="true" rot="-1" acc="true" autoFit="def" shdw="none" wrap="none" rtl="false" defHorzAlign="l" horzAlign="not" vertAlign="not" textDir="not" style="def" defTxtShdw="True"><tmProps g="9a606d04-1943-4d47-a9b5-61579502645a" verG="ccd05d21-2ba6-4deb-8070-c8d857d5be8f" cur="0" min="5000" visible="true" hideAll="false" /><tmCtxLst version="1"><txtTmCtx g="759cbbc6-5265-4df6-a696-696abffbdea3" verG="07d806f5-7ce0-4bdb-9d39-8877f542663e" start="0" dur="3000" min="3000" max="0" hasMax="false" alwysShw="false" untilEnd="false" assetStart="0" name="" /></tmCtxLst><animEffect /><childLst /><trigLst /><stateLst /><bG><lineStyle w="0" scale="1" cap="def" join="def" dash="cstm" cmpnd="cstm"><arrow scale="1"><begin type="def" sz="def" /><end type="def" sz="def" /></arrow></lineStyle><gradOvrlyFill type="def" style="def" rot="none" angle="3.40282347E+38" blendMode="def" alpha="-1" scale="-1" reverse="none" adjustY="-2147483648" overlayFillType="Default"><centerPt x="-1" y="-1" /><fillRect l="0" t="0" r="0" b="0" /><stops /></gradOvrlyFill><shdw sz="-3.40282347E+38" blur="-3.40282347E+38" angle="-3.40282347E+38" dist="-3.40282347E+38"><preset val="cstm" mode="cstm" /><clr /></shdw><frmt3d material="none" lighting="none" angle="0"><bevel top="cstm" bottom="cstm"><topSz w="0" h="0" /><bottomSz w="0" h="0" /></bevel><depth val="0"><clr /></depth><contour sz="0"><clr><srgbClr val="000000" /></clr></contour></frmt3d><rot3d x="0" y="0" z="0" pers="0" flat="false" dist="0" /></bG><sldSz w="720" h="540" /><loc l="0" t="0" r="150" b="40" /><hLink enabled="false" trigG="00000000-0000-0000-0000-000000000000" /><prstGeom><button /></prstGeom><textMargin l="-1" t="-1" r="-1" b="-1" /><bounds l="0" t="0" r="0" b="0" /><resize fontNm="" fontSz="0" /><parLst /><plain></plain><hLinkLst /><pict val="Default" align="def"><clr /></pict><defaults sz="0" style="Bold, Italic, Underline, Strikeout" capType="not" horzAlign="not" vertAlign="not" textDir="not" textShadow="none" zoom="false"><foreClr /></defaults></btnPh></shapeLst><trigLst /><text></text><shapeSz w="0" h="0" /></state><state g="a41cc7d1-0274-4cc3-9fb2-4a6604ad0a74" verG="8445a5c6-bf05-4e67-9898-f0fa5428802f" typeName="" id="0" state="2" showMasterSp="false" name="Disabled" role="" resetMode="auto" layoutG="7f817a98-1fec-49af-97a0-9a010cd18ba4" stateG="00000000-0000-0000-0000-000000000000" showPlay="false" clrScheme="def" defG="bf8d1511-73c5-4a19-9fb7-58f258f569ca"><tmProps g="6081dd63-f4d4-49b3-afb7-544a3c3ebce2" verG="8ea4c186-0f68-4f65-93cb-863dc4e1e14f" cur="0" min="5000" visible="true" hideAll="false" /><tmCtxLst version="1"><tmCtx g="a4e434ed-201e-494c-bb89-867e005a3904" verG="8d335156-8963-41ff-80f4-10a8630ac749" start="0" dur="3000" min="3000" max="0" hasMax="false" alwysShw="false" untilEnd="false" assetStart="0" name="" /></tmCtxLst><sz w="0" h="0" /><trans /><bg><lineStyle w="0" scale="1" cap="def" join="def" dash="cstm" cmpnd="cstm"><arrow scale="1"><begin type="def" sz="def" /><end type="def" sz="def" /></arrow></lineStyle><gradOvrlyFill type="def" style="def" rot="none" angle="3.40282347E+38" blendMode="def" alpha="-1" scale="-1" reverse="none" adjustY="-2147483648" overlayFillType="Default"><centerPt x="-1" y="-1" /><fillRect l="0" t="0" r="0" b="0" /><stops /></gradOvrlyFill><shdw sz="-3.40282347E+38" blur="-3.40282347E+38" angle="-3.40282347E+38" dist="-3.40282347E+38"><preset val="cstm" mode="cstm" /><clr /></shdw><frmt3d material="none" lighting="none" angle="0"><bevel top="cstm" bottom="none"><topSz w="0" h="0" /><bottomSz w="0" h="0" /></bevel><depth val="0"><clr /></depth><contour sz="0"><clr><srgbClr val="000000" /></clr></contour></frmt3d><rot3d x="0" y="0" z="0" pers="0" flat="false" dist="0" /></bg><shapeLst><btnPh g="bf8d1511-73c5-4a19-9fb7-58f258f569ca" verG="da8400cf-8ff2-4bf1-8066-2222cec38bdb" typeName="" id="3" name="Text Box" state="32775" zOrder="0" editCtx="Normal" initState="" handCur="true" rot="-1" acc="true" opac="50" autoFit="def" shdw="none" wrap="none" rtl="false" defHorzAlign="l" horzAlign="not" vertAlign="not" textDir="not" style="def" defTxtShdw="True"><tmProps g="9a606d04-1943-4d47-a9b5-61579502645a" verG="ccd05d21-2ba6-4deb-8070-c8d857d5be8f" cur="0" min="5000" visible="true" hideAll="false" /><tmCtxLst version="1"><txtTmCtx g="759cbbc6-5265-4df6-a696-696abffbdea3" verG="07d806f5-7ce0-4bdb-9d39-8877f542663e" start="0" dur="3000" min="3000" max="0" hasMax="false" alwysShw="false" untilEnd="false" assetStart="0" name="" /></tmCtxLst><animEffect /><childLst /><trigLst /><stateLst /><bG><lineStyle w="0" scale="1" cap="def" join="def" dash="cstm" cmpnd="cstm"><arrow scale="1"><begin type="def" sz="def" /><end type="def" sz="def" /></arrow></lineStyle><gradOvrlyFill type="def" style="def" rot="none" angle="3.40282347E+38" blendMode="def" alpha="0.4" scale="-1" reverse="none" adjustY="-2147483648" overlayFillType="Default"><centerPt x="-1" y="-1" /><fillRect l="0" t="0" r="0" b="0" /><stops /></gradOvrlyFill><shdw sz="-3.40282347E+38" blur="-3.40282347E+38" angle="-3.40282347E+38" dist="-3.40282347E+38"><preset val="cstm" mode="cstm" /><clr /></shdw><frmt3d material="none" lighting="none" angle="0"><bevel top="cstm" bottom="cstm"><topSz w="0" h="0" /><bottomSz w="0" h="0" /></bevel><depth val="0"><clr /></depth><contour sz="0"><clr><srgbClr val="000000" /></clr></contour></frmt3d><rot3d x="0" y="0" z="0" pers="0" flat="false" dist="0" /></bG><sldSz w="720" h="540" /><loc l="0" t="0" r="150" b="40" /><hLink enabled="false" trigG="00000000-0000-0000-0000-000000000000" /><prstGeom><button /></prstGeom><textMargin l="-1" t="-1" r="-1" b="-1" /><bounds l="0" t="0" r="0" b="0" /><resize fontNm="" fontSz="0" /><parLst /><plain></plain><hLinkLst /><pict val="Default" align="def"><clr /></pict><defaults sz="0" style="Bold, Italic, Underline, Strikeout" capType="not" horzAlign="not" vertAlign="not" textDir="not" textShadow="none" zoom="false"><foreClr /></defaults></btnPh></shapeLst><trigLst /><text></text><shapeSz w="0" h="0" /></state></stateLst><bG><lineStyle w="0" scale="1" cap="def" join="def" dash="cstm" cmpnd="cstm"><arrow scale="1"><begin type="def" sz="def" /><end type="def" sz="def" /></arrow></lineStyle><gradOvrlyFill type="def" style="def" rot="none" angle="3.40282347E+38" blendMode="def" alpha="-1" scale="-1" reverse="none" adjustY="-2147483648" overlayFillType="Default"><centerPt x="-1" y="-1" /><fillRect l="0" t="0" r="0" b="0" /><stops /></gradOvrlyFill><shdw sz="-3.40282347E+38" blur="-3.40282347E+38" angle="-3.40282347E+38" dist="-3.40282347E+38"><preset val="cstm" mode="cstm" /><clr /></shdw><frmt3d material="none" lighting="none" angle="0"><bevel top="cstm" bottom="none"><topSz w="0" h="0" /><bottomSz w="0" h="0" /></bevel><depth val="0"><clr /></depth><contour sz="0"><clr><srgbClr val="000000" /></clr></contour></frmt3d><rot3d x="0" y="0" z="0" pers="0" flat="false" dist="0" /></bG><sldSz w="720" h="540" /><loc l="298" t="323" r="423" b="353" /><hLink enabled="false" trigG="00000000-0000-0000-0000-000000000000" /><ph type="cstm" subType="Button" /><prstGeom><button /></prstGeom><textMargin l="-1" t="-1" r="-1" b="-1" /><bounds l="0" t="0" r="0" b="0" /><resize fontNm="" fontSz="0" /><parLst /><plain></plain><hLinkLst /><pict val="Default" align="def"><clr /></pict><defaults sz="0" style="Bold, Italic, Underline, Strikeout" capType="not" horzAlign="not" vertAlign="not" textDir="not" textShadow="none" zoom="false"><foreClr /></defaults></btnPh><ph g="b5cc2523-9d6b-4304-a3f8-1e2d1b559270" verG="3e64dd4e-f493-4a53-8235-1c8803a2977b" typeName="" id="1" state="58119" zOrder="1" editCtx="Normal" initState="" handCur="true" rot="0" acc="true" opac="100" autoFit="def" shdw="none" wrap="none" rtl="false" defHorzAlign="l" horzAlign="not" vertAlign="m" textDir="not"><tmProps g="0f22f774-47c7-40f2-8c4f-586cf9fa59d7" verG="b8019e8b-3459-45ad-a8c1-bb690615434d" cur="0" min="5000" visible="true" hideAll="false"><markers nextId="0" /></tmProps><tmCtxLst version="0"><txtTmCtx g="bae42cb4-d8f1-4640-a143-4070c93b57b2" verG="83335cf4-3f73-48ac-897a-25f5de7c9d3a" start="0" dur="5000" min="250" max="0" hasMax="false" alwysShw="false" untilEnd="true" assetStart="0" name="" /></tmCtxLst><animEffect /><childLst /><trigLst /><stateLst /><bG><lineStyle w="0" scale="1" cap="def" join="def" dash="cstm" cmpnd="cstm"><arrow scale="1"><begin type="def" sz="def" /><end type="def" sz="def" /></arrow></lineStyle><shdw sz="100" blur="5" angle="90" dist="5"><preset val="noShdw" mode="noShdw" /><clr><srgbClr val="000000"><alpha val="43137" /></srgbClr></clr></shdw><frmt3d material="none" lighting="none" angle="0"><bevel top="cstm" bottom="none"><topSz w="0" h="0" /><bottomSz w="0" h="0" /></bevel><depth val="0"><clr /></depth><contour sz="0"><clr><srgbClr val="000000" /></clr></contour></frmt3d><rot3d x="0" y="0" z="0" pers="0" flat="false" dist="0" /><foreClr><srgbClr val="454545" /></foreClr></bG><sldSz w="720" h="540" /><loc l="160" t="187" r="560" b="225" /><hLink enabled="false" trigG="00000000-0000-0000-0000-000000000000" /><text>{\rtf1\ansi\ansicpg1252\deff0\deflang1033{\fonttbl{\f0\fnil\fcharset0 &lt;!fontname&gt;;}}
{\colortbl ;\red&lt;!red&gt;\green&lt;!green&gt;\blue&lt;!blue&gt;;}
\viewkind4\uc1\pard&lt;!palign&gt;\cf1\b\f0\fs&lt;!fontsize&gt; Click to edit Feedback title style\b0\par
}
</text><ph type="title" /><textMargin l="-1" t="-1" r="-1" b="-1" /><bounds l="10" t="7" r="390" b="30" /><resize fontNm="Calibri" fontSz="44" /><margins l="0" t="0" r="0" b="0" /><parLst /><plain>Click to edit Feedback title style</plain><hLinkLst /><defaults font="" sz="14" style="Bold" capType="not" horzAlign="not" vertAlign="m" textDir="not" textShadow="none" zoom="false"><foreClr><srgbClr val="454545" /></foreClr></defaults></ph><ph g="811f056b-6d03-408f-894c-cd05f8fd7f01" verG="6682f9b5-acf7-4af3-95d4-d3741efd2dac" typeName="" id="2" state="58119" zOrder="2" editCtx="Normal" initState="" handCur="true" rot="0" acc="true" opac="100" autoFit="def" shdw="none" wrap="none" rtl="false" defHorzAlign="l" horzAlign="not" vertAlign="not" textDir="not"><tmProps g="d1415282-8629-4a33-b086-62610a186b44" verG="34d6d7cb-78ec-44d2-8d80-33ef122bd71f" cur="0" min="5000" visible="true" hideAll="false"><markers nextId="0" /></tmProps><tmCtxLst version="0"><txtTmCtx g="2697caa8-71d8-4b62-b3fb-f394e44b170f" verG="27f98fce-fb0a-4560-9e1e-8fb28f40d6f8" start="0" dur="5000" min="250" max="0" hasMax="false" alwysShw="false" untilEnd="true" assetStart="0" name="" /></tmCtxLst><animEffect /><childLst /><trigLst /><stateLst /><bG><lineStyle w="0" scale="1" cap="def" join="def" dash="cstm" cmpnd="cstm"><arrow scale="1"><begin type="def" sz="def" /><end type="def" sz="def" /></arrow></lineStyle><shdw sz="100" blur="5" angle="90" dist="5"><preset val="noShdw" mode="noShdw" /><clr><srgbClr val="000000"><alpha val="43137" /></srgbClr></clr></shdw><frmt3d material="none" lighting="none" angle="0"><bevel top="cstm" bottom="none"><topSz w="0" h="0" /><bottomSz w="0" h="0" /></bevel><depth val="0"><clr /></depth><contour sz="0"><clr><srgbClr val="000000" /></clr></contour></frmt3d><rot3d x="0" y="0" z="0" pers="0" flat="false" dist="0" /><foreClr><srgbClr val="454545" /></foreClr></bG><sldSz w="720" h="540" /><loc l="160" t="234" r="560" b="311" /><hLink enabled="false" trigG="00000000-0000-0000-0000-000000000000" /><text>{\rtf1\ansi\ansicpg1252\deff0\deflang1033{\fonttbl{\f0\fnil\fcharset0 &lt;!fontname&gt;;}}
{\colortbl ;\red&lt;!red&gt;\green&lt;!green&gt;\blue&lt;!blue&gt;;}
\viewkind4\uc1\pard&lt;!palign&gt;\cf1\f0\fs&lt;!fontsize&gt; Click to edit Feedback text styles\par
}
</text><ph type="body" /><textMargin l="-1" t="-1" r="-1" b="-1" /><bounds l="10" t="5" r="390" b="24" /><resize fontNm="Calibri" fontSz="32" /><margins l="0" t="0" r="0" b="0" /><parLst /><plain>Click to edit Feedback text styles</plain><hLinkLst /><defaults font="" sz="12" style="Bold, Italic, Underline, Strikeout" capType="not" horzAlign="not" vertAlign="not" textDir="not" textShadow="none" zoom="false"><foreClr><srgbClr val="454545" /></foreClr></defaults></ph></shapeLst><trigLst /><note></note><szCalc mode="scale" fillA="tl" v="1"><cropRect l="0" t="0" r="0" b="0" /><currSz w="0" h="0" /><lastSz w="0" h="0" /></szCalc></layout>