﻿<?xml version="1.0" encoding="utf-8" standalone="yes"?><sld g="39c2e656-55a4-4d48-886d-1649c463923c" verG="34d8bd8b-14ba-4347-ae86-a4d36b8aae43" typeName="" id="0" state="0" showMasterSp="false" name="" role="" resetMode="auto" layoutG="d21ebd9d-dc8e-4150-b582-ecbccc3dde02" stateG="00000000-0000-0000-0000-000000000000" showPlay="false" clrScheme="def" assetG="00000000-0000-0000-0000-000000000000" backVis="trans" layoutType="Content" hideToc="false" advMode="user" linkType="none" showInReview="true" zoomTransDur="1000" useNextTrans="true"><tmProps g="7d703d03-97b4-40d6-a46f-c4e29602b591" verG="50163ce4-1565-48e4-a20c-43cfbd8fd010" cur="0" min="5000" visible="true" hideAll="false" /><sz w="0" h="0" /><trans /><bg><lineStyle w="0" scale="1" cap="def" join="def" dash="cstm" cmpnd="cstm"><arrow scale="1"><begin type="def" sz="def" /><end type="def" sz="def" /></arrow></lineStyle></bg><shapeLst /><trigLst><trig g="c5330bcc-54b1-4bcd-be3a-68e870f786ae" verG="6bea0a31-e61c-40f9-812f-f36ee145a8cc" name="Navigation" type="user" edit="variablename, subslides, keypresskeys, actions, operators, variablevalue, variableoperators" group="next" copiedG="39c2e656-55a4-4d48-886d-1649c463923c"><data enabled="true" event="OnNextButtonClick" action="jumpToSlide" actSubType="next"><keyPress keys="None" case="false" /><slide showNav="false" /><scene /><shape setStateName="" stateInclude="all" statesNot="are" stateName=""><stateLst /><dropLst /><hoverLst /></shape><clickLst /><sldLayer /><video /><audio /><other open="" email="" js="" op="ass" varVal1="" useVar="false" dblVal="0" boolVal="False" time="PT0S" cuePoint="0" /><interaction /><frame actionG="0ec0db78-2e1d-4919-bde6-6824587f77c4" restore="true" /></data><condLst /></trig><trig g="ae475cc5-601c-414e-82c1-df8dc7d39471" verG="e73a6303-e88b-476d-bc92-2e9ad244a59c" name="Previous" type="user" edit="variablename, subslides, keypresskeys, actions, operators, variablevalue, variableoperators" group="none" copiedG="39c2e656-55a4-4d48-886d-1649c463923c"><data enabled="true" event="OnClick" action="jumpToSlide" actSubType="prev"><keyPress keys="None" case="false" /><slide showNav="false" /><scene /><shape setStateName="" stateInclude="all" statesNot="are" stateName=""><stateLst /><dropLst /><hoverLst /></shape><clickLst /><sldLayer /><video /><audio /><other open="" email="" js="" op="ass" varVal1="" useVar="false" dblVal="0" boolVal="False" time="PT0S" cuePoint="0" /><interaction /><frame actionG="ae475cc5-601c-414e-82c1-df8dc7d39471" restore="true" /></data><condLst /></trig></trigLst><note></note><szCalc mode="scale" fillA="tl" v="1"><cropRect l="0" t="0" r="0" b="0" /><currSz w="0" h="0" /><lastSz w="0" h="0" /></szCalc><thumb g="fa63c560-da3d-4961-845e-fc4f1beb2130" sz="300" /><panTime g="3fb927f5-e789-4181-bb1c-872b7d81a40e" verG="bc61517f-6a64-42a8-bfe6-5e8197a3217f" typeName="" hide="false" lock="false"><tmProps g="8e37c39d-bf4c-419d-be79-5691936eb968" verG="9aed13f1-4c7a-4281-840b-958237734a3a" cur="0" min="5000" visible="true" hideAll="false" /><tmCtxLst version="0" /></panTime><panRect g="6c74334a-db10-43ab-81f0-0022bfc02c1c"><rect l="0" t="0" r="0" b="0" /></panRect></sld>