﻿<?xml version="1.0" encoding="utf-8" standalone="yes"?><story id="0424912b-dad0-44c9-82dc-c3e768e21df7" pG="633fc75d-acbf-41d5-8f20-9b8c7aa94d93" defRadStyle="style1" defChkStyle="style1"><varLst /><mediaLst><mediaLst><media g="de5e16cc-de63-4bc4-9e85-bf7fd532e738" verG="93a52354-be39-4836-b846-25081aef0ccb" type="Png" displayName="agente.png" origFile="F:\Seafile\WBT_TEMPLATES2\wbt percorso 60 ore\img\agente.png" source="F:\Seafile\WBT_TEMPLATES2\wbt percorso 60 ore\img\agente.png" useCnt="1" bytes="7522" modDT="2014-06-22T22:12:24+02:00" addDT="2016-08-29T12:38:38.4368442+02:00" /><video g="89499045-622e-49d1-bda5-0e750996a423" verG="90de100a-eed8-4755-a5ff-c3cab6d573c1" type="Mp4" displayName="E:\wbt_storyline_locale\06_06 - Easy ud4 ud3 - Uniqua Previdenza\conduzione_01.mov" origFile="E:\wbt_storyline_locale\06_06 - Easy ud4 ud3 - Uniqua Previdenza\conduzione_01.mov" source="E:\wbt_storyline_locale\06_06 - Easy ud4 ud3 - Uniqua Previdenza\conduzione_01.mov" useCnt="1" bytes="1212477" modDT="2016-05-11T11:11:02+02:00" addDT="2016-08-29T12:39:01.9680942+02:00" as="as3" origModDt="2016-05-11T11:11:02+02:00" origBytes="33976199" compressedOnInsert="true"><userState w="720" h="540" /></video><media g="b9669513-bb7b-429c-81ff-3d20f22afc76" verG="d91f2709-e95e-4e0e-a2be-a040215e3fee" type="Jpeg" displayName="" origFile="" source="Pasted Image (200x420)" useCnt="1" bytes="0" modDT="0001-01-01T00:00:00" addDT="2016-08-29T12:39:02.1087192+02:00" /><audio g="9e504d76-aa23-45b5-a94e-d8ffb20ca881" verG="63f2f377-1332-41c2-be44-141cb0a81aee" type="Mp3" displayName="a7a4300b-2177-4b91-a1e1-7f9a1b181a6d.mp3" origFile="E:\wbt_storyline_locale\25_08 - Tariffe - Cattolica\Gli elementi costitutivi delle tariffe_U3\2_audio.aiff" source="C:\Users\vm7-32\AppData\Local\Temp\Articulate\Storyline\5XoIlcd1uMK\a7a4300b-2177-4b91-a1e1-7f9a1b181a6d.mp3" useCnt="1" bytes="1428293" modDT="2016-08-29T12:39:10.1399692+02:00" addDT="2016-08-29T12:39:10.4212192+02:00" origBytes="17117056" origModDT="2016-07-29T17:43:50+02:00"><props valid="true" file="C:\Users\vm7-32\AppData\Local\Temp\Articulate\Storyline\5XoIlcd1uMK\a7a4300b-2177-4b91-a1e1-7f9a1b181a6d.wav" bytes="5240890" channels="1" samples="44100" bits="5240844" sampleCnt="2620422" startPt="46" mp3="false" origFile="E:\wbt_storyline_locale\25_08 - Tariffe - Cattolica\Gli elementi costitutivi delle tariffe_U3\2_audio.aiff" /></audio></mediaLst></mediaLst><sceneLst><scene g="633fc75d-acbf-41d5-8f20-9b8c7aa94d93" verG="93392351-3e25-4296-972f-8cbb9f0144c6" name="" desc="" primaryId="00000000-0000-0000-0000-000000000000" sceneType="scene" collapse="false"><sldIdLst><sldId>R67lRsJAzJ4i</sldId></sldIdLst></scene></sceneLst><toc g="6a6f106b-86b9-497d-8322-f651f104dd53" verG="7dccbad9-9637-468f-a26c-659c96d035de" projectId="0424912b-dad0-44c9-82dc-c3e768e21df7"><deleted /></toc><propLst><prop id="15"><sz w="720" h="540" /></prop><prop id="18">vm7-32</prop><prop id="23"></prop><prop id="24">1.0.0.0</prop></propLst><curCtx g="2a12ef84-1ab0-45d2-84b5-396c7420a265" verG="772b2220-5fa7-459f-9c40-39647bf10a8c"><curLst /></curCtx><recLst selRecId="00000000-0000-0000-0000-000000000000" /><quizMgr g="096c2615-0ff6-4b18-8e5b-11f897ee8566" verG="36f9afbb-5b24-45b7-b8ce-bced72d44d4e" lmsResultSlideG="00000000-0000-0000-0000-000000000000" trackMode="def" numView="-1" type="graded" showResult="true" finishAction="closeWnd" finishUrl="http://"><bankLst><scene g="6651b74e-5039-48aa-bdc3-9f63cf4c624c" verG="57621837-dbac-4b0f-bf0a-7b6caba83a3d" name="" desc="Default Question Bank" primaryId="00000000-0000-0000-0000-000000000000" sceneType="scene" collapse="false" drawG="00000000-0000-0000-0000-000000000000"><sldIdLst /><bankProps g="a52badfb-e64c-4fc2-9d8d-f40641236896" verG="6ef09259-a3ec-4ba9-a15b-b07154042ca4" rand="false" include="-1" /></scene></bankLst><quizLst /></quizMgr></story>