﻿<sld g=""
     verG=""
     typeName=""
     id="0"
     state="0"
     showMasterSp="false"
     name=""
     role=""
     resetMode="y"
     layoutG=""
     stateG="00000000-0000-0000-0000-000000000000"
     showPlay="false"
     clrScheme="def"
     assetG="00000000-0000-0000-0000-000000000000"
     backVis="trans"
     layoutType="Content"
     hideToc="false"
     advMode="user"
     linkType="none"
     showInReview="true"
     zoomTransDur="1000"
     useNextTrans="true">
	<tmProps g="f8baccbe-e8a1-4301-9f1e-7267c2f27993"
	         verG="5d693d0c-e1e7-4c2a-8e74-ee33e49180f0"
	         cur="0"
	         min="5000"
	         visible="true"
	         hideAll="false">
		<markers nextId="0" />
	</tmProps>
	<tmCtxLst version="1">
		<tmCtx g="36147b0d-f216-43fd-a854-b6a74774b9dd"
		       verG="53884350-9ba1-4ccf-ad0d-e7dc1b745804"
		       start="0"
		       dur="3000"
		       min="250"
		       max="0"
		       hasMax="false"
		       alwysShw="false"
		       untilEnd="false"
		       assetStart="0"
		       name="" />
	</tmCtxLst>
	<sz w="0"
	    h="0" />
	<trans />
	<bg>
		<lineStyle w="0"
		           scale="1"
		           cap="def"
		           join="def"
		           dash="cstm"
		           cmpnd="cstm">
			<arrow scale="1">
				<begin type="def"
				       sz="def" />
				<end type="def"
				     sz="def" />
			</arrow>
		</lineStyle>
	</bg>
	<shapeLst />
	<trigLst />
	<note/>
	<szCalc mode="scale"
	        fillA="tl"
	        v="1">
		<cropRect l="0"
		          t="0"
		          r="0"
		          b="0" />
		<currSz w="0"
		        h="0" />
		<lastSz w="0"
		        h="0" />
	</szCalc>
	<navData prev="false"
	         next="false"
	         submit="false"
	         default="true"
	         menu="true"
	         res="true"
	         glos="false"
	         notes="false"
	         seek="false"
	         replay="false"
	         play="false"
	         search="false"
	         ltBxClse="true" />
	<thumb g="bcd68e61-51bc-4e14-86cc-c5960e94879b"
	       sz="300" />
	<panTime g="6bfb4b7c-8195-4e7d-a2b9-e807774e4e0a"
	         verG="e24a9e25-315b-4541-8d67-ef1a7f418c03"
	         typeName=""
	         hide="false"
	         lock="false">
		<tmProps g="93036c18-f817-4851-b36a-37ece88d2927"
		         verG="d2bf72fb-cb5a-4b30-880d-83de5039b688"
		         cur="0"
		         min="5000"
		         visible="true"
		         hideAll="false" />
		<tmCtxLst version="0" />
	</panTime>
	<panRect g="6d9adce2-0100-4042-b637-f92223f2fa38">
		<rect l="0"
		      t="0"
		      r="0"
		      b="0" />
	</panRect>
</sld>